"govTrack_id","full_name","lastName","middleName","firstName","chamber","party","partyName","state","govTrack_desc","govTrack_ideology","govTrack_leadership","propublica_url","proPub_sponsoredBills","proPub_cosponsoredBills","proPub_votesAgainstParty","proPub_missedVotes","twitter_url","user_id","name","screen_name","location","description","url","verified","statuses_count","followers_count","friends_count","favourites_count","listed_count","account_created_at","account_lang","profile_url","profile_expanded_url","profile_image_url","profile_banner_url","profile_background_url","n_obs_timeline","n_obs_origContent","prop_origContent","earliest_status","latest_status","mean_favCount_OC","median_favCount_OC","stdDev_favCount_OC","mean_rtCount_OC","median_rtCount_OC","stdDev_rtCount_OC"
300002,"Lamar Alexander","Alexander","","Lamar","Senate","R"," Republican"," Tenn."," centrist Republican leader",0.678052598131,0.701007566353,"https://projects.propublica.org/represent/members/A000360-lamar-alexander",20,60,"2.1%","5.5%","https://twitter.com/SenAlexander",76649729,"Sen. Lamar Alexander","SenAlexander","","Follow Sen. Alexander in TN, in DC, and in the news.","http://t.co/YlhSoXnhmc",TRUE,4120,77109,426,6,2360,"2009-09-23 13:58:50","en","http://t.co/YlhSoXnhmc","http://www.alexander.senate.gov","http://pbs.twimg.com/profile_images/824390599361044480/nZa0YXpu_400x400.jpg","https://pbs.twimg.com/profile_banners/76649729/1373926533","http://pbs.twimg.com/profile_background_images/378800000026259255/de59007b453927d78d651445178fdbe5.jpeg",3201,2166,0.676663542642924,"2014-02-06 23:42:45","2018-02-16 00:31:29",15.5027700831025,5,70.6217177156455,7.87950138504155,4,21.2023959370047
400013,"Tammy Baldwin","Baldwin","","Tammy","Senate","D"," Democrat"," Wis."," rank-and-file Democrat",0.16575941398,0.500949451936,"https://projects.propublica.org/represent/members/B001230-tammy-baldwin",39,347,"3.6%","0.8%","https://twitter.com/SenatorBaldwin",1074518754,"Sen. Tammy Baldwin","SenatorBaldwin","Washington, D.C.","Official Twitter account of United States Senator Tammy Baldwin's office, proudly working for the State of Wisconsin.","http://t.co/p7vErFeoRD",TRUE,11212,88149,2680,474,1890,"2013-01-09 18:29:44","en","http://t.co/p7vErFeoRD","http://www.baldwin.senate.gov/","http://pbs.twimg.com/profile_images/888484691120148481/IQiOuvpT_400x400.jpg","https://pbs.twimg.com/profile_banners/1074518754/1443648530","http://abs.twimg.com/images/themes/theme15/bg.png",3234,2213,0.684291898577613,"2016-09-21 14:00:38","2018-02-18 20:00:06",114.385449615906,38,593.520263334719,44.0099412562133,14,201.921235271947
412251,"John Barrasso","Barrasso","","John","Senate","R"," Republican"," Wyo."," conservative Republican",0.914930794093,0.630406761266,"https://projects.propublica.org/represent/members/B001261-john-barrasso",20,104,"1.7%","0.3%","https://twitter.com/SenJohnBarrasso",202206694,"Sen. John Barrasso","SenJohnBarrasso","","U.S. Senator for the great state of Wyoming and @SenateRPC Chairman.","http://t.co/oAKWpUrAWS",TRUE,3701,79863,505,3,1936,"2010-10-13 14:49:08","en","http://t.co/oAKWpUrAWS","http://barrasso.senate.gov","http://pbs.twimg.com/profile_images/1143907394/twitter_profile_pic_400x400.JPG",NA,"http://pbs.twimg.com/profile_background_images/161136571/background.jpg",3236,2097,0.648022249690977,"2012-05-08 22:12:15","2018-02-17 22:00:41",12.516452074392,2,213.659829517011,8.57319980925131,5,47.1812477599493
412330,"Michael Bennet","Bennet","","Michael","Senate","D"," Democrat"," Colo."," centrist Democrat",0.35126445596,0.330660739246,"https://projects.propublica.org/represent/members/B001267-michael-bennet",30,195,"7.5%","0.3%","https://twitter.com/SenBennetCo",224285242,"Michael F. Bennet","SenBennetCO","Colorado","U.S. Senator for Colorado","http://t.co/bQVU54FnhE",TRUE,2638,197346,316,61,2153,"2010-12-08 16:29:29","en","http://t.co/bQVU54FnhE","http://bennet.senate.gov","http://pbs.twimg.com/profile_images/897159863863836676/lopmOrpE_400x400.jpg","https://pbs.twimg.com/profile_banners/224285242/1513177211","http://pbs.twimg.com/profile_background_images/540921619510603777/f2uuQVwZ.jpeg",2636,1856,0.704097116843703,"2011-01-06 21:41:37","2018-02-16 20:35:54",139.523168103448,9,350.281929580606,50.5630387931034,9,182.486418834413
412490,"Richard Blumenthal","Blumenthal","","Richard","Senate","D"," Democrat"," Conn."," progressive Democratic leader",0.0384250909218,0.714883592293,"https://projects.propublica.org/represent/members/B001277-richard-blumenthal",44,399,"8.4%","0.6%","https://twitter.com/SenBlumenthal",278124059,"Richard Blumenthal","SenBlumenthal","Connecticut, USA","Connecticutâ€™s U.S. Senator","http://t.co/MfF8W57FEu",TRUE,9672,388135,976,435,2792,"2011-04-06 17:13:53","en","http://t.co/MfF8W57FEu","http://blumenthal.senate.gov/","http://pbs.twimg.com/profile_images/870748217440423937/_iFTgKfI_400x400.jpg","https://pbs.twimg.com/profile_banners/278124059/1512656613","http://pbs.twimg.com/profile_background_images/700681397/7be6dec0c815f772c125569e158cc0bd.jpeg",3235,2022,0.625038639876352,"2016-06-20 20:00:08","2018-02-18 20:34:28",479.805143422354,108,2293.64152505054,203.360039564787,34,923.988822889615
400034,"Roy Blunt","Blunt","","Roy","Senate","R"," Republican"," Mo."," moderate Republican leader",0.807650639997,0.748998884362,"https://projects.propublica.org/represent/members/B000575-roy-blunt",29,171,"1.4%","2.2%","https://twitter.com/RoyBlunt",21269970,"Senator Roy Blunt","RoyBlunt","Missouri","Official account of U.S. Senator Roy Blunt. Honored to represent the great state of Missouri.","http://t.co/PG3SSnhQDI",TRUE,9409,79320,7152,62,3261,"2009-02-19 02:58:03","en","http://t.co/PG3SSnhQDI","http://blunt.senate.gov","http://pbs.twimg.com/profile_images/535810548802125824/X0pxn3zA_400x400.jpeg","https://pbs.twimg.com/profile_banners/21269970/1407953971","http://pbs.twimg.com/profile_background_images/404712624/twitter_background_image_3.jpg",3232,2515,0.778155940594059,"2016-02-10 23:28:22","2018-02-16 20:16:27",16.6083499005964,8,29.8710116463252,7.10059642147117,4,11.2027945198439
412598,"Cory Booker","Booker","","Cory","Senate","D"," Democrat"," N.J."," rank-and-file Democrat",0.200149668924,0.50097872904,"https://projects.propublica.org/represent/members/B001288-cory-booker",42,306,"16.1%","5.3%","https://twitter.com/CoryBooker",15808765,"Cory Booker","CoryBooker","Newark, NJ","U.S. Senator from New Jersey",NA,TRUE,61391,3908669,93457,79,15900,"2008-08-11 14:41:16","en",NA,NA,"http://pbs.twimg.com/profile_images/808720861561819136/ErfTMaMx_400x400.jpg","https://pbs.twimg.com/profile_banners/15808765/1486430014","http://pbs.twimg.com/profile_background_images/74694112/Cory_Booker_looking_up5.jpg",3208,421,0.131234413965087,"2017-03-02 03:38:16","2018-02-17 22:19:30",4661.3325415677,1613,8507.7148167671,1362.02850356295,387,2531.00402892285
400040,"John Boozman","Boozman","","John","Senate","R"," Republican"," Ark."," rank-and-file Republican",0.859491160374,0.482141979938,"https://projects.propublica.org/represent/members/B001236-john-boozman",16,196,"0.8%","0.0%","https://twitter.com/JohnBoozman",5558312,"Senator John Boozman","JohnBoozman","Arkansas","Representing Arkansas in the U.S. Senate.  Contact Info: 202-224-4843","http://t.co/PnVwyyvcAT",TRUE,3663,59850,738,202,2204,"2007-04-27 16:05:52","en","http://t.co/PnVwyyvcAT","http://boozman.senate.gov","http://pbs.twimg.com/profile_images/1252648707/Senator_John_Boozman_-_twitter2_400x400.jpg","https://pbs.twimg.com/profile_banners/5558312/1517932966","http://pbs.twimg.com/profile_background_images/438034918/boozman_twitter.jpg",3204,2549,0.795568039950062,"2011-08-24 13:35:47","2018-02-16 22:34:37",14.3872106708513,4,288.529186348332,7.12357787367595,3,63.0614314907923
400050,"Sherrod Brown","Brown","","Sherrod","Senate","D"," Democrat"," Ohio"," progressive Democratic leader",0.0696836415347,0.855744049084,"https://projects.propublica.org/represent/members/B000944-sherrod-brown",47,334,"5.0%","0.0%","https://twitter.com/SenSherrodBrown",43910797,"Sherrod Brown","SenSherrodBrown","Cleveland, OH","Office of United States Senator Sherrod Brown. Proud to serve Ohio. Tweets from Sherrod signed -SB.","http://t.co/YX0sj7bkFG",TRUE,4340,337498,204,56,3704,"2009-06-01 16:07:45","en","http://t.co/YX0sj7bkFG","http://brown.senate.gov","http://pbs.twimg.com/profile_images/523158370333638657/cLmYIfYa_400x400.jpeg","https://pbs.twimg.com/profile_banners/43910797/1397501269","http://pbs.twimg.com/profile_background_images/96234831/SB_TwitterBackground.jpg",3218,2031,0.631137352392791,"2014-02-27 15:20:29","2018-02-16 22:01:00",287.203840472674,72,686.035073429479,115.574101427868,30,346.731096811955
400054,"Richard M. Burr","Burr","M.","Richard","Senate","R"," Republican"," N.C."," rank-and-file Republican",0.707120231462,0.421890181639,"https://projects.propublica.org/represent/members/B001135-richard-m-burr",23,85,"1.1%","3.3%","https://twitter.com/SenatorBurr",21157904,"Richard Burr","SenatorBurr","Winston-Salem, NC","U.S. Senator from North Carolina, Chairman of the Senate Select Committee on Intelligence","http://t.co/MHZvAsvWrN",TRUE,3410,105938,1836,45,3120,"2009-02-18 01:53:03","en","http://t.co/MHZvAsvWrN","http://burr.senate.gov","http://pbs.twimg.com/profile_images/588079658819653632/wwdO4Eqv_400x400.jpg","https://pbs.twimg.com/profile_banners/21157904/1402319779","http://pbs.twimg.com/profile_background_images/821443790/958deacf216c26cd1a8e60fee00a2323.jpeg",3199,2742,0.857142857142857,"2010-03-30 20:24:34","2018-02-17 19:14:31",32.5127644055434,4,519.215476535306,19.2432530999271,5,216.018883157011
300018,"Maria Cantwell","Cantwell","","Maria","Senate","D"," Democrat"," Wash."," rank-and-file Democrat",0.242688821505,0.528149749433,"https://projects.propublica.org/represent/members/C000127-maria-cantwell",29,145,"3.3%","0.6%","https://twitter.com/SenatorCantwell",117501995,"Sen. Maria Cantwell","SenatorCantwell","Washington, DC","U.S. Senator from Washington State | Tweets from Maria are signed â€“MC | Facebook:https://t.co/qLmMk10nJI
RTâ‰ endorsement","https://t.co/5P50HzPLoB",TRUE,5005,213379,1521,209,2080,"2010-02-25 19:21:52","en","https://t.co/5P50HzPLoB","http://www.cantwell.senate.gov","http://pbs.twimg.com/profile_images/693192439046103041/I5UrYsCi_400x400.jpg","https://pbs.twimg.com/profile_banners/117501995/1475088293","http://pbs.twimg.com/profile_background_images/693190798284750848/Dzn7oBzW.png",3219,2764,0.858651755203479,"2016-02-23 15:26:29","2018-02-17 04:32:00",143.029305354559,73,252.904557869837,59.8411722141823,27,202.094756798677
400061,"Shelley Moore Capito","Capito","Moore","Shelley","Senate","R"," Republican"," W.Va."," rank-and-file Republican",0.719530884377,0.324015488518,"https://projects.propublica.org/represent/members/C001047-shelley-moore-capito",14,196,"2.0%","1.4%","https://twitter.com/SenCapito",193794406,"Shelley Moore Capito","SenCapito","","Proudly serving West Virginia in the United States Senate.","http://t.co/s6UUsbxSHW",TRUE,6027,51196,973,184,1384,"2010-09-22 18:06:14","en","http://t.co/s6UUsbxSHW","http://www.capito.senate.gov/","http://pbs.twimg.com/profile_images/570247761044312064/gBmXhrin_400x400.jpeg","https://pbs.twimg.com/profile_banners/193794406/1424367087","http://abs.twimg.com/images/themes/theme1/bg.png",3227,3042,0.942671211651689,"2016-02-10 21:32:52","2018-02-18 20:37:30",24.6679815910585,9,207.072384122472,7.39513477975016,3,61.7374575327593
400064,"Benjamin L. Cardin","Cardin","L.","Benjamin","Senate","D"," Democrat"," Md."," moderate Democratic leader",0.175745023466,0.910810235046,"https://projects.propublica.org/represent/members/C000141-benjamin-l-cardin",60,209,"3.0%","0.0%","https://twitter.com/SenatorCardin",109071031,"Senator Ben Cardin","SenatorCardin","Maryland, USA","U.S. Senator for Maryland. #SavetheBay. Small Biz, Foreign Relations, Finance, Enviro committees. https://t.co/Rwn7M4xbXO","https://t.co/z9qFNLiW0I",TRUE,9181,239372,2619,1596,2740,"2010-01-27 22:03:53","en","https://t.co/z9qFNLiW0I","http://www.cardin.senate.gov","http://pbs.twimg.com/profile_images/931526777410850816/jYej2QIV_400x400.jpg","https://pbs.twimg.com/profile_banners/109071031/1500401663","http://pbs.twimg.com/profile_background_images/458706762556665856/3Ne75toH.jpeg",3222,2015,0.625387957790192,"2016-02-09 17:21:13","2018-02-18 16:30:01",186.318114143921,71,571.004344827371,89.0277915632754,30,367.138766821367
300019,"Thomas R. Carper","Carper","R.","Thomas","Senate","D"," Democrat"," Del."," rank-and-file Democrat",0.319703488791,0.561682219932,"https://projects.propublica.org/represent/members/C000174-thomas-r-carper",14,144,"9.8%","1.4%","https://twitter.com/SenatorCarper",249787913,"Senator Tom Carper","SenatorCarper","Delaware","Husband, father, proud @USNavy veteran and former governor. U.S. Senator for Delaware and ranking member @EPWDems","http://t.co/0KSoFFra6j",TRUE,6775,77068,1334,1093,1699,"2011-02-09 19:46:42","en","http://t.co/0KSoFFra6j","http://www.carper.senate.gov","http://pbs.twimg.com/profile_images/378800000497501114/77d2bd85a246e66e8f77670018fbaaca_400x400.jpeg","https://pbs.twimg.com/profile_banners/249787913/1466708976","http://pbs.twimg.com/profile_background_images/206172638/moran_twitter.jpg",3226,1897,0.588034717916925,"2015-04-22 16:20:03","2018-02-18 16:03:00",56.6230890880337,11,205.142259876623,31.450184501845,7,115.985580232888
412246,"Bob Casey","Casey","","Bob","Senate","D"," Democrat"," Pa."," moderate Democratic leader",0.24796279772,0.725669214052,"https://projects.propublica.org/represent/members/C001070-bob-casey",48,222,"3.6%","0.3%","https://twitter.com/SenBobCasey",171598736,"Senator Bob Casey","SenBobCasey","Scranton, PA","Official twitter profile for U.S. Senator Bob Casey.","https://t.co/EghtimAhrt",TRUE,7373,394868,553,400,2731,"2010-07-27 18:38:20","en","https://t.co/EghtimAhrt","http://about.me/SenBobCasey","http://pbs.twimg.com/profile_images/748886037649297408/B4cLMsR__400x400.jpg",NA,"http://abs.twimg.com/images/themes/theme1/bg.png",3248,954,0.29371921182266,"2017-01-25 19:39:49","2018-02-17 21:19:29",986.940251572327,446.5,1883.66149649091,452.553459119497,189,953.596127162508
412269,"Bill Cassidy","Cassidy","","Bill","Senate","R"," Republican"," La."," rank-and-file Republican",0.746817161137,0.379233281377,"https://projects.propublica.org/represent/members/C001075-bill-cassidy",37,115,"1.7%","0.3%","https://twitter.com/BillCassidy",55677432,"Bill Cassidy","BillCassidy","Baton Rouge, LA","U.S. Senator for Louisiana","http://t.co/jJ1FDxCJeE",TRUE,4975,36439,1207,86,1573,"2009-07-10 22:02:55","en","http://t.co/jJ1FDxCJeE","http://www.billcassidy.com","http://pbs.twimg.com/profile_images/811322431029837824/OIMky_X__400x400.jpg","https://pbs.twimg.com/profile_banners/55677432/1512682667","http://pbs.twimg.com/profile_background_images/82422585/x08df37aebf44ad6770d512ea8e2ff1f.png",3235,2396,0.74064914992272,"2014-02-01 23:08:25","2018-02-15 02:41:43",29.144407345576,6,754.119324059988,15.932387312187,5,165.920499420889
300023,"Thad Cochran","Cochran","","Thad","Senate","R"," Republican"," Miss."," moderate Republican follower",0.721450511663,0.151735862728,"https://projects.propublica.org/represent/members/C000567-thad-cochran",3,110,"0.6%","10.2%","https://twitter.com/SenThadCochran",555474658,"Senator Thad Cochran","SenThadCochran","","Office of U.S. Senator Thad Cochran of Mississippi.","http://t.co/bOl9VmFbzz",TRUE,2053,57296,565,0,1458,"2012-04-16 22:33:23","en","http://t.co/bOl9VmFbzz","http://cochran.senate.gov","http://pbs.twimg.com/profile_images/2179496829/022507-Cochran-Twtr3_400x400.jpg","https://pbs.twimg.com/profile_banners/555474658/1437679921","http://pbs.twimg.com/profile_background_images/525669162/Flag-USSPS.jpg",2051,1844,0.899073622623111,"2012-04-17 22:19:27","2018-02-16 20:32:42",19.5591106290672,3,386.705536945572,8.78796095444685,4,66.0035189246437
300025,"Susan Collins","Collins","","Susan","Senate","R"," Republican"," Maine"," centrist Republican leader",0.410536638018,0.725731630106,"https://projects.propublica.org/represent/members/C001035-susan-collins",32,208,"10.5%","0.0%","https://twitter.com/SenatorCollins",19726613,"Sen. Susan Collins","SenatorCollins","Maine","United States Senator from Maine. 

All tweets originate from the Press Office of Senator Susan Collins.","http://t.co/GC3gCGTqQX",TRUE,2504,364854,951,35,3658,"2009-01-29 18:56:59","en","http://t.co/GC3gCGTqQX","http://collins.senate.gov","http://pbs.twimg.com/profile_images/588697537013383168/Kf_x_1u1_400x400.jpg","https://pbs.twimg.com/profile_banners/19726613/1449072601","http://pbs.twimg.com/profile_background_images/200231365/newbannerbg2.jpg",2501,2011,0.804078368652539,"2009-01-29 18:57:59","2018-02-16 18:55:57",321.045748383889,5,3156.21327506666,81.3694679264048,6,851.950805135374
412390,"Christopher A. Coons","Coons","A.","Christopher","Senate","D"," Democrat"," Del."," rank-and-file Democrat",0.249680981459,0.51311791308,"https://projects.propublica.org/represent/members/C001088-christopher-a-coons",32,320,"7.7%","2.8%","https://twitter.com/SenCoonsOffice",435500714,"Office of Sen. Coons","SenCoonsOffice","Delaware & Washington","News releases, blog posts, new videos, transcripts and other resources from the office of U.S. Senator @ChrisCoons of Delaware.","http://t.co/YhxmCF9DHF",TRUE,2198,6570,106,0,447,"2011-12-13 04:02:30","en","http://t.co/YhxmCF9DHF","http://coons.senate.gov","http://pbs.twimg.com/profile_images/1690317750/cacpress-twitter1_400x400.jpg","https://pbs.twimg.com/profile_banners/435500714/1360169392","http://abs.twimg.com/images/themes/theme15/bg.png",2190,1697,0.774885844748858,"2011-12-30 19:03:12","2016-08-31 18:51:49",0.255156157925751,0,0.931788382304423,0.998821449616971,0,1.96460388412544
412248,"Bob Corker","Corker","","Bob","Senate","R"," Republican"," Tenn."," centrist Republican",0.679015070687,0.563885693896,"https://projects.propublica.org/represent/members/C001071-bob-corker",13,39,"4.9%","3.3%","https://twitter.com/SenBobCorker",73303753,"Senator Bob Corker","SenBobCorker","Tennessee","Official news and updates from United States Senator Bob Corker (R-Tennessee) and his staff.","http://t.co/ZyiE2l8INn",TRUE,3943,347663,560,107,3656,"2009-09-11 03:56:08","en","http://t.co/ZyiE2l8INn","http://corker.senate.gov/","http://pbs.twimg.com/profile_images/910557517343789057/Sh38oulI_400x400.jpg","https://pbs.twimg.com/profile_banners/73303753/1505929143","http://pbs.twimg.com/profile_background_images/569862735773454336/B-JQ3bGy.jpeg",3228,2800,0.867410161090459,"2012-12-12 22:36:51","2018-02-17 13:37:51",332.876785714286,9,8648.34381872576,117.124285714286,8,3005.38563496335
300027,"John Cornyn","Cornyn","","John","Senate","R"," Republican"," Texas"," conservative Republican leader",0.898890260831,0.883791111674,"https://projects.propublica.org/represent/members/C001056-john-cornyn",49,178,"0.8%","0.0%","https://twitter.com/JohnCornyn",13218102,"Senator John Cornyn","JohnCornyn","Austin, Texas","Personally curated news I find interesting, pics, and occasional opinions. Honored to represent the great state of Texas in the US Senate.","https://t.co/XHRaiulrt6",TRUE,26337,128000,11368,53,4694,"2008-02-07 19:52:55","en","https://t.co/XHRaiulrt6","http://cornyn.senate.gov","http://pbs.twimg.com/profile_images/942198842363129856/83xaNIgb_400x400.jpg","https://pbs.twimg.com/profile_banners/13218102/1513472894","http://pbs.twimg.com/profile_background_images/2642284/Twitter-SJCBGD.jpg",3196,1583,0.495306633291615,"2017-04-01 14:00:32","2018-02-17 13:57:04",78.3038534428301,36,223.900271910005,30.7814276689829,15,78.5910230812604
412681,"Catherine Cortez Masto","Cortez Masto","","Catherine","Senate","D"," Democrat"," Nev."," moderate Democratic follower",0.29648816514,0.0701573201997,"https://projects.propublica.org/represent/members/C001113-catherine-cortez-masto",4,158,"9.6%","2.2%","https://twitter.com/sencortezmasto",811313565760163840,"Senator Cortez Masto","SenCortezMasto","","U.S. Senator from the great state of Nevada.","https://t.co/v6sRnbH7nI",TRUE,2560,24659,544,548,588,"2016-12-20 20:53:22","en","https://t.co/v6sRnbH7nI","http://cortezmasto.senate.gov","http://pbs.twimg.com/profile_images/847453198113755136/Az66uO5y_400x400.jpg","https://pbs.twimg.com/profile_banners/811313565760163844/1513123352",NA,2560,1562,0.61015625,"2016-12-26 21:39:57","2018-02-18 00:29:14",108.571062740077,51,225.024936495638,51.7708066581306,22,131.028655703599
412508,"Tom Cotton","Cotton","","Tom","Senate","R"," Republican"," Ark."," lonley conservative Republican follower",0.872113150649,0.226598171223,"https://projects.propublica.org/represent/members/C001095-tom-cotton",18,154,"1.9%","0.6%","https://twitter.com/SenTomCotton",968650362,"Tom Cotton","SenTomCotton","","U.S. Senator proudly serving the state of Arkansas.","http://t.co/gR93LLUqRV",TRUE,7664,117960,375,8,2016,"2012-11-24 19:33:10","en","http://t.co/gR93LLUqRV","http://cotton.senate.gov","http://pbs.twimg.com/profile_images/568884049058357248/M-VeVL9u_400x400.jpeg","https://pbs.twimg.com/profile_banners/968650362/1366831169","http://pbs.twimg.com/profile_background_images/890572073/63337e0a44c53345a9cb64bef07788ff.jpeg",3205,3001,0.936349453978159,"2016-06-22 19:47:40","2018-02-16 21:39:43",87.7250916361213,35,279.695731227465,34.8833722092636,12,138.797174779452
300030,"Michael D. Crapo","Crapo","D.","Michael","Senate","R"," Republican"," Idaho"," rank-and-file Republican",0.831417602877,0.515216505772,"https://projects.propublica.org/represent/members/C000880-michael-d-crapo",24,132,"3.1%","0.3%","https://twitter.com/MikeCrapo",600463589,"Senator Mike Crapo","MikeCrapo","Idaho & Washington, D.C.","United States Senator for the great state of Idaho.","http://t.co/W6cAM2HKzW",TRUE,5364,55046,689,411,1469,"2012-06-05 22:16:35","en","http://t.co/W6cAM2HKzW","http://www.crapo.senate.gov","http://pbs.twimg.com/profile_images/2286763334/atyer80hkqhdwmgk73t0_400x400.jpeg","https://pbs.twimg.com/profile_banners/600463589/1358530313","http://pbs.twimg.com/profile_background_images/876553191/418ec7fae1de740fb193bd0056893887.jpeg",3236,2617,0.808714462299135,"2013-07-16 23:41:18","2018-02-16 18:29:35",5.64730607565915,1,70.9016889016651,4.19946503630111,2,48.760248978524
412573,"Ted Cruz","Cruz","","Ted","Senate","R"," Republican"," Texas"," conservative Republican",0.913982049929,0.513850762106,"https://projects.propublica.org/represent/members/C001098-ted-cruz",42,146,"4.3%","2.8%","https://twitter.com/SenTedCruz",1074480192,"Senator Ted Cruz","SenTedCruz","Houston, Texas","Representing the State of Texas in the United States Senate.","https://t.co/9HWCyvKunh",TRUE,7417,1072943,7365,341,8056,"2013-01-09 18:11:37","en","https://t.co/9HWCyvKunh","http://cruz.senate.gov","http://pbs.twimg.com/profile_images/762696550124363776/lf5RZxth_400x400.jpg","https://pbs.twimg.com/profile_banners/1074480192/1515618797","http://abs.twimg.com/images/themes/theme14/bg.gif",3207,1521,0.474275023386342,"2016-07-07 16:43:41","2018-02-17 01:41:42",482.161735700197,271,1027.46879905663,191.788954635108,96,581.119216896448
412549,"Steve Daines","Daines","","Steve","Senate","R"," Republican"," Mont."," rank-and-file Republican",0.821073573309,0.368249092338,"https://projects.propublica.org/represent/members/D000618-steve-daines",50,159,"3.9%","0.0%","https://twitter.com/SteveDaines",11651202,"Steve Daines","SteveDaines","Bozeman, MT","Married 31 years to Cindy. Parents of four. Three dogs. Serving the people of Montana in the U.S. Senate. ðŸ‡ºðŸ‡¸","https://t.co/6cQwcMCeGt",TRUE,4944,36890,661,798,990,"2007-12-30 05:52:03","en","https://t.co/6cQwcMCeGt","http://www.daines.senate.gov","http://pbs.twimg.com/profile_images/922463090935058432/XTchDLbm_400x400.jpg","https://pbs.twimg.com/profile_banners/11651202/1495145842","http://pbs.twimg.com/profile_background_images/595311754021711872/1Ex3hNLV.jpg",3208,1712,0.533665835411471,"2015-07-29 17:36:16","2018-02-18 03:01:34",53.1121495327103,8,932.168195337811,15.0251168224299,3,194.333818252021
412205,"Joe Donnelly","Donnelly","","Joe","Senate","D"," Democrat"," Ind."," centrist Democratic follower",0.556441307664,0.329432223327,"https://projects.propublica.org/represent/members/D000607-joe-donnelly",26,151,"20.8%","1.7%","https://twitter.com/SenDonnelly",216503958,"Senator Joe Donnelly","SenDonnelly","","U.S. Senator Joe Donnelly's communications staff","http://t.co/fSOunnwiXz",TRUE,5246,87876,217,3,1657,"2010-11-16 22:24:01","en","http://t.co/fSOunnwiXz","http://www.donnelly.senate.gov/","http://pbs.twimg.com/profile_images/857707501067923457/TdS-N-Yx_400x400.jpg","https://pbs.twimg.com/profile_banners/216503958/1491935488","http://pbs.twimg.com/profile_background_images/173040465/twitterbkgrd4.JPG",3210,2962,0.922741433021807,"2015-03-16 19:24:24","2018-02-19",29.7795408507765,10,73.8943334962542,10.1414584740041,4,24.8647929688095
412533,"Tammy Duckworth","Duckworth","","Tammy","Senate","D"," Democrat"," Ill."," moderate Democratic follower",0.258092646365,0.194360219575,"https://projects.propublica.org/represent/members/D000622-tammy-duckworth",31,222,"7.6%","1.1%","https://twitter.com/SenDuckworth",1058520120,"Tammy Duckworth","SenDuckworth","","Official Twitter account for Tammy Duckworth's Senate office. Posts by staff unless signed - TD. For more information, visit","https://t.co/LDObT9hkrZ",TRUE,3669,360372,7285,221,2436,"2013-01-03 18:59:33","en","https://t.co/LDObT9hkrZ","http://duckworth.senate.gov","http://pbs.twimg.com/profile_images/928404187750326272/G7KDvNwC_400x400.jpg","https://pbs.twimg.com/profile_banners/1058520120/1490121726","http://pbs.twimg.com/profile_background_images/446026993046257664/-_wxXQDm.png",3211,2237,0.696667704764871,"2013-08-06 19:06:08","2018-02-17 23:48:46",354.65891819401,14,4237.03879558082,106.876620473849,9,1270.66814224033
300038,"Richard J. Durbin","Durbin","J.","Richard","Senate","D"," Democrat"," Ill."," progressive Democrat",0.0721957694812,0.672191855155,"https://projects.propublica.org/represent/members/D000563-richard-j-durbin",39,300,"6.0%","3.0%","https://twitter.com/SenatorDurbin",247334603,"Senator Dick Durbin","SenatorDurbin","","Serving the people of Illinois. Democratic Whip.","https://t.co/75Y2c3yeVH",TRUE,11014,500779,2433,576,4183,"2011-02-04 15:50:42","en","https://t.co/75Y2c3yeVH","http://durbin.senate.gov","http://pbs.twimg.com/profile_images/871723567456686081/fbJgQgO1_400x400.jpg","https://pbs.twimg.com/profile_banners/247334603/1438365026","http://abs.twimg.com/images/themes/theme1/bg.png",3209,1483,0.462137737612964,"2016-11-19 21:20:14","2018-02-17 23:25:27",698.747808496291,232,3147.34723481831,412.467970330411,85,3254.17418510593
300041,"Michael B. Enzi","Enzi","B.","Michael","Senate","R"," Republican"," Wyo."," conservative Republican",0.900868910945,0.513785727913,"https://projects.propublica.org/represent/members/E000285-michael-b-enzi",21,106,"3.6%","0.3%","https://twitter.com/SenatorEnzi",291756142,"Mike Enzi","SenatorEnzi","","Mike Enzi is Wyomingâ€™s 20th U.S. Senator. His joy of representing Wyoming is topped by few things. (Being a grandfather and fly fishing are two.)","http://t.co/Vxn9wmrQ3U",TRUE,3762,61087,604,7,1386,"2011-05-02 15:26:39","en","http://t.co/Vxn9wmrQ3U","http://www.enzi.senate.gov","http://pbs.twimg.com/profile_images/378800000059842815/d29a4825955e66d55338fe6ee386fe30_400x400.png","https://pbs.twimg.com/profile_banners/291756142/1399045146","http://pbs.twimg.com/profile_background_images/757844521/6e9194ad8ddbe6113f4192a59db8a0c4.jpeg",3200,2768,0.865,"2013-08-01 19:45:10","2018-02-16 22:47:33",7.0617774566474,2,73.0769070653869,4.39378612716763,3,20.7517619624682
412667,"Joni Ernst","Ernst","","Joni","Senate","R"," Republican"," Iowa"," rank-and-file Republican",0.778069207497,0.41033903008,"https://projects.propublica.org/represent/members/E000295-joni-ernst",21,132,"2.5%","0.3%","https://twitter.com/SenJoniErnst",2856787757,"Joni Ernst","SenJoniErnst","Iowa ","Follow for news and updates from the Office of Iowa Senator Joni K. Ernst. Tweets from Joni are signed JKE.","http://t.co/zUYK5PQEOd",TRUE,1739,32946,50,3,882,"2014-11-02 13:32:54","en","http://t.co/zUYK5PQEOd","http://Ernst.Senate.Gov","http://pbs.twimg.com/profile_images/817365634434695168/dHmvZNA2_400x400.jpg","https://pbs.twimg.com/profile_banners/2856787757/1458665236","http://abs.twimg.com/images/themes/theme1/bg.png",1740,1639,0.941954022988506,"2015-01-06 16:57:34","2018-02-18 14:00:00",20.366076876144,9,102.477962590857,8.75533862111043,5,27.3405789867874
300043,"Dianne Feinstein","Feinstein","","Dianne","Senate","D"," Democrat"," Calif."," moderate Democratic leader",0.154312152342,0.771205591968,"https://projects.propublica.org/represent/members/F000062-dianne-feinstein",45,309,"6.8%","6.9%","https://twitter.com/SenFeinstein",476256944,"Sen Dianne Feinstein","SenFeinstein","California","United States Senator from California. On Facebook at: http://t.co/siExqwIu","http://t.co/x96JRcShsB",TRUE,6379,889713,222,1,5220,"2012-01-27 23:06:59","en","http://t.co/x96JRcShsB","http://www.feinstein.senate.gov","http://pbs.twimg.com/profile_images/789490839940661249/t0nTT2sM_400x400.jpg","https://pbs.twimg.com/profile_banners/476256944/1401304971","http://pbs.twimg.com/profile_background_images/415309805/Golden_Gate_Bridge_for_Twitter_JPEG_TRY_minus_sky.jpg",3220,2222,0.690062111801242,"2016-04-28 19:14:33","2018-02-18 20:54:28",1998.23897389739,525,6412.30458775287,928.787128712871,205,4503.56526594185
412556,"Deb Fischer","Fischer","","Deb","Senate","R"," Republican"," Neb."," rank-and-file Republican",0.865040379515,0.38818000692,"https://projects.propublica.org/represent/members/F000463-deb-fischer",27,106,"1.9%","0.0%","https://twitter.com/SenatorFischer",1071402577,"Senator Deb Fischer","SenatorFischer","","U.S. Senator and Cherry County rancher working to bring some Nebraska common sense to Washington","http://t.co/0O49SY7v",TRUE,4240,53962,180,37,1440,"2013-01-08 16:49:07","en","http://t.co/0O49SY7v","http://fischer.senate.gov","http://pbs.twimg.com/profile_images/816319022182649860/pev9bNlJ_400x400.jpg","https://pbs.twimg.com/profile_banners/1071402577/1467819561","http://pbs.twimg.com/profile_background_images/776934757/0f1d0841d864a86abd9e27a363356a3a.jpeg",3218,2784,0.865133623368552,"2014-09-17 11:00:16","2018-02-16 20:38:25",13.9676724137931,6,99.3936577759304,5.33010057471264,3,24.0013297449611
400134,"Jeff Flake","Flake","","Jeff","Senate","R"," Republican"," Ariz."," rank-and-file Republican",0.827898652878,0.595252256887,"https://projects.propublica.org/represent/members/F000444-jeff-flake",54,87,"5.4%","3.0%","https://twitter.com/JeffFlake",16056306,"Jeff Flake","JeffFlake","Mesa, AZ","Senator from Arizona",NA,TRUE,2486,426524,217,37,3422,"2008-08-30 17:00:58","en",NA,NA,"http://pbs.twimg.com/profile_images/3088681915/62adc90774fc399d3722e3df422994ba_400x400.jpeg","https://pbs.twimg.com/profile_banners/16056306/1363359251","http://abs.twimg.com/images/themes/theme1/bg.png",2479,2162,0.872125857200484,"2008-09-04 19:05:07","2018-02-16 23:35:03",632.067530064755,8,6775.81864822289,168.645698427382,8,1710.87215157103
412406,"Cory Gardner","Gardner","","Cory","Senate","R"," Republican"," Colo."," rank-and-file Republican",0.729930181673,0.317196690809,"https://projects.propublica.org/represent/members/G000562-cory-gardner",27,169,"3.3%","0.0%","https://twitter.com/SenCoryGardner",235217558,"Cory Gardner","SenCoryGardner","Colorado","Proudly serving the state of Colorado in the United States Senate. This is my official Senate Twitter account.",NA,TRUE,3849,92234,289,15,1745,"2011-01-07 17:02:56","en",NA,NA,"http://pbs.twimg.com/profile_images/562347582215573505/4BV0djAm_400x400.jpeg","https://pbs.twimg.com/profile_banners/235217558/1456516556","http://pbs.twimg.com/profile_background_images/274704793/gardner_background.jpg",3235,2597,0.802782071097373,"2013-06-11 13:01:38","2018-02-15 21:29:04",24.4235656526762,3,289.304314109682,10.8948787061995,4,81.606029372851
412223,"Kirsten E. Gillibrand","Gillibrand","E.","Kirsten","Senate","D"," Democrat"," N.Y."," progressive Democrat",0.0316252910194,0.617040539892,"https://projects.propublica.org/represent/members/G000555-kirsten-e-gillibrand",39,335,"19.9%","0.0%","https://twitter.com/SenGillibrand",72198806,"Kirsten Gillibrand","SenGillibrand","New York","Theo and Henry's mom, U.S. Senator from New York, author of NYT bestseller Off the Sidelines. Pitcher, but sometimes left fielder. Democrat.","https://t.co/qccoyKkdDN",TRUE,15615,1131818,507,351,7959,"2009-09-07 03:53:24","en","https://t.co/qccoyKkdDN","http://kirstengillibrand.com","http://pbs.twimg.com/profile_images/828637094260121600/VpJGxC8b_400x400.jpg","https://pbs.twimg.com/profile_banners/72198806/1507128610","http://pbs.twimg.com/profile_background_images/165425383/Twitter_-_Gillibrand_7A.gif",3199,1690,0.528290090653329,"2016-05-10 01:19:03","2018-02-18 20:11:16",2100.04911242604,465,6429.31246720989,672.446153846154,133,2053.47982889944
300047,"Lindsey Graham","Graham","","Lindsey","Senate","R"," Republican"," S.C."," centrist Republican leader",0.706310939257,0.640862424122,"https://projects.propublica.org/represent/members/G000359-lindsey-graham",15,91,"3.2%","4.4%","https://twitter.com/GrahamBlog",14845376,"Lindsey Graham","GrahamBlog","Washington, DC","Twitter feed for U.S. Senator Lindsey Graham of South Carolina.","http://t.co/x7LZALizg6",TRUE,4243,115158,2108,0,3368,"2008-05-20 13:57:21","en","http://t.co/x7LZALizg6","http://lgraham.senate.gov","http://pbs.twimg.com/profile_images/2167513251/LG_Testifying2_400x400.jpg","https://pbs.twimg.com/profile_banners/14845376/1355255089","http://pbs.twimg.com/profile_background_images/224734998/xa8a44afd7bd99682ddacb4c46ac30ba.png",3248,2881,0.887007389162562,"2011-10-11 22:47:11","2016-02-18 15:59:03",22.4144394307532,4,682.703266220469,23.4668517875738,9,128.37211140906
300048,"Charles E. Grassley","Grassley","E.","Charles","Senate","R"," Republican"," Iowa"," moderate Republican leader",0.749493437162,0.938752936154,"https://projects.propublica.org/represent/members/G000386-charles-e-grassley",67,129,"2.5%","0.0%","https://twitter.com/ChuckGrassley",10615232,"ChuckGrassley","ChuckGrassley","Iowa","U.S. Senator. Family farmer. Lifetime resident of New Hartford, IA. Also follow @GrassleyPress for news and information.","https://t.co/CM45Tl33ts",TRUE,6406,199057,14062,1,4854,"2007-11-26 15:17:02","en","https://t.co/CM45Tl33ts","http://grassley.senate.gov","http://pbs.twimg.com/profile_images/921098191507984385/XYteQA6t_400x400.jpg",NA,"http://pbs.twimg.com/profile_background_images/195616043/Grssly_background5.jpg",3237,3189,0.985171455050973,"2014-08-11 23:34:45","2018-02-18 20:00:05",156.497648165569,10,1415.19782027976,66.7695202257761,5,582.672802893094
412678,"Kamala Harris","Harris","","Kamala","Senate","D"," Democrat"," Calif."," moderate Democratic follower",0.238261495883,0.0673596548038,"https://projects.propublica.org/represent/members/H001075-kamala-harris",16,192,"15.3%","0.3%","https://twitter.com/SenKamalaHarris",803694179079458816,"Kamala Harris","SenKamalaHarris","","Official Twitter account of U.S. Senator Kamala Harris.","https://t.co/d7fwQc0xoD",TRUE,1756,340385,544,368,2306,"2016-11-29 20:16:39","en","https://t.co/d7fwQc0xoD","https://www.harris.senate.gov/","http://pbs.twimg.com/profile_images/877233930046504961/B0UoxZlN_400x400.jpg","https://pbs.twimg.com/profile_banners/803694179079458816/1500050338",NA,1755,1251,0.712820512820513,"2017-02-15 22:48:45","2018-02-18 23:36:13",4132.52837729816,1357,9139.28235859874,1999.16306954436,473,6406.22879546048
412680,"Margaret Hassan","Hassan","","Margaret","Senate","D"," Democrat"," N.H."," moderate Democratic follower",0.267340263239,0.0457114441234,"https://projects.propublica.org/represent/members/H001076-margaret-hassan",9,273,"4.4%","0.0%","https://twitter.com/Senatorhassan",946549322,"Sen. Maggie Hassan","SenatorHassan","","New England sports fan, mom, crossword enthusiast, former governor, U.S. Senator for New Hampshire.","https://t.co/BxeyYfMTaA",TRUE,5483,135062,530,38,1120,"2012-11-13 21:27:37","en","https://t.co/BxeyYfMTaA","http://hassan.senate.gov","http://pbs.twimg.com/profile_images/816304745799356416/m1OJdlNI_400x400.jpg","https://pbs.twimg.com/profile_banners/946549322/1483457252","http://abs.twimg.com/images/themes/theme1/bg.png",3241,2417,0.745757482258562,"2016-01-04 21:06:40","2018-02-18 16:53:43",105.843607778237,22,689.351135451714,42.1683905668184,8,285.540509635348
300052,"Orrin G. Hatch","Hatch","G.","Orrin","Senate","R"," Republican"," Utah"," moderate Republican leader",0.810458126902,0.976022391423,"https://projects.propublica.org/represent/members/H000338-orrin-g-hatch",74,157,"1.1%","0.6%","https://twitter.com/SenOrrinHatch",262756641,"Senator Hatch Office","senorrinhatch","","U.S. Senator from Utah, 2017 Utahn of the Year, writer of songs and laws. Tweets are by Sen. Hatch's staff; those signed ogh are from Sen. Hatch himself.","https://t.co/ICuOObjO1F",TRUE,9330,65164,399,814,1798,"2011-03-08 18:04:18","en","https://t.co/ICuOObjO1F","http://www.hatch.senate.gov","http://pbs.twimg.com/profile_images/879081064328830984/IhWAMCcr_400x400.jpg","https://pbs.twimg.com/profile_banners/262756641/1499408474","http://pbs.twimg.com/profile_background_images/219341076/tww.jpg",3225,1174,0.364031007751938,"2017-03-27 00:11:48","2018-02-18 06:10:30",111.199318568995,20,562.211915702703,48.8901192504259,8,271.956713911586
412281,"Martin Heinrich","Heinrich","","Martin","Senate","D"," Democrat"," N.M."," moderate Democratic follower",0.242063567821,0.216648517098,"https://projects.propublica.org/represent/members/H001046-martin-heinrich",20,187,"6.2%","1.4%","https://twitter.com/MartinHeinrich",1099199839,"Martin Heinrich","MartinHeinrich","","United States Senator from New Mexico","http://t.co/H0fgRR2v",TRUE,5774,143517,542,463,1547,"2013-01-17 20:24:19","en","http://t.co/H0fgRR2v","http://heinrich.senate.gov","http://pbs.twimg.com/profile_images/938165401304944641/H7HEeENC_400x400.jpg","https://pbs.twimg.com/profile_banners/1099199839/1513792542","http://pbs.twimg.com/profile_background_images/800387600/225cd54d99c2c58c123f4328c09450ef.png",3225,2191,0.67937984496124,"2016-10-14 19:44:15","2018-02-15 23:37:07",214.36969420356,88,619.116910695013,103.309904153355,36,400.255950403451
412554,"Heidi Heitkamp","Heitkamp","","Heidi","Senate","D"," Democrat"," N.D."," centrist Democrat",0.509585351481,0.529469972685,"https://projects.propublica.org/represent/members/H001069-heidi-heitkamp",27,157,"23.1%","0.3%","https://twitter.com/SenatorHeitkamp",1061029050,"Sen. Heidi Heitkamp","SenatorHeitkamp","","Official Twitter account for Heidi Heitkamp, U.S. Senator for #NorthDakota. Learn more on Facebook: https://t.co/ju1vFjQSEQ Instagram: https://t.co/ceKF69m637","https://t.co/9NWVrvmQZr",TRUE,9952,68944,799,951,1479,"2013-01-04 17:57:48","en","https://t.co/9NWVrvmQZr","http://heitkamp.senate.gov","http://pbs.twimg.com/profile_images/927545740704010240/ql7QpJ0f_400x400.jpg","https://pbs.twimg.com/profile_banners/1061029050/1509640115","http://pbs.twimg.com/profile_background_images/534730504751161344/m1GKS3rT.png",3208,2329,0.725997506234414,"2016-07-26 18:16:05","2018-02-18 20:30:00",30.8235294117647,11,160.534730468764,11.3018462859596,4,62.1033765775147
412218,"Dean Heller","Heller","","Dean","Senate","R"," Republican"," Nev."," centrist Republican",0.677168494704,0.597504850366,"https://projects.propublica.org/represent/members/H001041-dean-heller",53,157,"7.5%","4.2%","https://twitter.com/SenDeanHeller",266133081,"Dean Heller","SenDeanHeller","Nevada","Official Account for Nevada U.S. Senator @DeanHeller. #HomeMeansNevada","http://t.co/tnRta2EeF6",TRUE,6344,91462,11940,1,1836,"2011-03-14 18:31:08","en","http://t.co/tnRta2EeF6","http://heller.senate.gov","http://pbs.twimg.com/profile_images/856571974935609344/gPG4Gmf-_400x400.jpg","https://pbs.twimg.com/profile_banners/266133081/1479743555","http://pbs.twimg.com/profile_background_images/625681580921606144/dvL1j1fm.jpg",3199,2258,0.705845576742732,"2015-05-14 20:54:31","2018-02-16 20:26:33",24.2054915854739,7,103.993568212009,8.57661647475642,4,27.0008224931736
412200,"Mazie K. Hirono","Hirono","K.","Mazie","Senate","D"," Democrat"," Hawaii"," rank-and-file Democrat",0.10426402534,0.523122427965,"https://projects.propublica.org/represent/members/H001042-mazie-k-hirono",39,252,"9.3%","1.7%","https://twitter.com/MazieHirono",92186819,"Senator Mazie Hirono","maziehirono","Hawaii","U.S. Senator Mazie K. Hirono - Proudly Serving the People of Hawaii","http://t.co/m4u3CFOBHg",TRUE,4902,196339,1241,70,2098,"2009-11-24 03:10:37","en","http://t.co/m4u3CFOBHg","http://www.hirono.senate.gov","http://pbs.twimg.com/profile_images/943313772785164288/svG7qRs8_400x400.jpg","https://pbs.twimg.com/profile_banners/92186819/1513182895","http://pbs.twimg.com/profile_background_images/378800000027910663/cb05630b4d856cc50819cac19bfe90ab.jpeg",3202,2088,0.65209244222361,"2012-06-18 19:59:10","2018-02-16 21:03:03",193.013409961686,3,1720.19008900798,69.8113026819923,4,594.380142288855
412494,"John Hoeven","Hoeven","","John","Senate","R"," Republican"," N.D."," rank-and-file Republican",0.749571932278,0.5,"https://projects.propublica.org/represent/members/H001061-john-hoeven",24,97,"0.6%","1.1%","https://twitter.com/SenJohnHoeven",382791093,"Senator John Hoeven","SenJohnHoeven","North Dakota","Official account of U.S. Senator John Hoeven of North Dakota. https://t.co/ViVEXcWlhM","https://t.co/S1wB3GGEfX",TRUE,2439,56733,611,425,1334,"2011-09-30 17:55:30","en","https://t.co/S1wB3GGEfX","http://hoeven.senate.gov","http://pbs.twimg.com/profile_images/1575531411/Hoeven_Hearing_400x400.jpg","https://pbs.twimg.com/profile_banners/382791093/1510946212","http://pbs.twimg.com/profile_background_images/671696946/841b62ab0576c426937ac98c49e12b0d.jpeg",2441,2234,0.91519868906186,"2012-09-17 19:56:59","2018-02-18 01:57:40",8.74664279319606,4,27.0034463957985,4.86347358997314,3,17.6533440191424
300055,"James M. Inhofe","Inhofe","M.","James","Senate","R"," Republican"," Okla."," conservative Republican",1,0.500112365546,"https://projects.propublica.org/represent/members/I000024-james-m-inhofe",18,159,"2.0%","1.1%","https://twitter.com/InhofePress",20546536,"Inhofe Press Office","InhofePress","Washington, D.C.","Press Office of U.S. Senator @JimInhofe (R-Okla.)","https://t.co/LTm3F6noR4",TRUE,6179,14264,1372,23,1022,"2009-02-10 21:12:51","en","https://t.co/LTm3F6noR4","http://inhofe.senate.gov","http://pbs.twimg.com/profile_images/3095762272/f240385c55677aec82058399ac3b8e6a_400x400.jpeg","https://pbs.twimg.com/profile_banners/20546536/1412886218","http://pbs.twimg.com/profile_background_images/4389824/twitter3.jpg",3212,2539,0.790473225404732,"2012-07-31 20:22:23","2018-02-16 21:17:57",1.53131153997637,1,8.33551415276386,3.44820795588815,2,5.68686219576739
400194,"Johnny Isakson","Isakson","","Johnny","Senate","R"," Republican"," Ga."," rank-and-file Republican",0.77031496323,0.604846239966,"https://projects.propublica.org/represent/members/I000055-johnny-isakson",28,139,"1.6%","15.0%","https://twitter.com/SenatorIsakson",78403308,"Johnny Isakson","SenatorIsakson","GA & DC","U.S. Senator Johnny Isakson, R-Ga. | Committees: Veterans' Affairs, Chairman; Ethics, Chairman; Foreign Relations; HELP; Finance.
Keep comments family friendly.","http://t.co/n3mMYfmg5C",TRUE,4293,53209,444,644,1893,"2009-09-29 20:09:30","en","http://t.co/n3mMYfmg5C","http://www.isakson.senate.gov","http://pbs.twimg.com/profile_images/543499427365650432/JitEqhDZ_400x400.jpeg","https://pbs.twimg.com/profile_banners/78403308/1488812068","http://pbs.twimg.com/profile_background_images/819575010/789cfa9732fed4d53e8935ed8b08703e.gif",3217,2558,0.795150761579111,"2015-03-10 18:11:02","2018-02-16 20:45:15",26.8068803752932,9,302.251401159525,8.11962470680219,4,53.2816888175826
412496,"Ron Johnson","Johnson","","Ron","Senate","R"," Republican"," Wis."," rank-and-file Republican",0.839784734429,0.448312974306,"https://projects.propublica.org/represent/members/J000293-ron-johnson",25,109,"2.2%","0.3%","https://twitter.com/SenRonJohnson",233737858,"Senator Ron Johnson","SenRonJohnson","Oshkosh, WI","Chairman of the Homeland Security and Governmental Affairs Committee & the Subcommittee on Europe & Regional Security Cooperation. Tweets from Ron are signedâ€“rj","http://t.co/uMmOdTCWwT",TRUE,3974,83949,371,179,2277,"2011-01-04 00:25:27","en","http://t.co/uMmOdTCWwT","http://www.ronjohnson.senate.gov","http://pbs.twimg.com/profile_images/1213023547/Twitter_2_400x400.jpg","https://pbs.twimg.com/profile_banners/233737858/1391454550","http://pbs.twimg.com/profile_background_images/378800000180774281/Uwyr5Vdj.jpeg",3204,2637,0.823033707865168,"2013-12-15 22:41:06","2018-02-14 23:37:49",17.3435722411832,5,82.3508094263964,10.2430792567311,5,42.8212184252034
412741,"Doug Jones","Jones","","Doug","Senate","D"," Democrat"," Ala."," centrist Democratic follower",0.466331012167,0.00343422511348,"https://projects.propublica.org/represent/members/J000300-doug-jones",0,17,"22.2%","0.0%","https://twitter.com/SenDougJones",941080085121175552,"Doug Jones","SenDougJones","Washington, DC","U.S. Senator for Alabama","https://t.co/ybmvFhggOr",TRUE,84,8565,55,2,87,"2017-12-13 22:59:11","en","https://t.co/ybmvFhggOr","http://www.jones.senate.gov","http://pbs.twimg.com/profile_images/959169332516409345/yMUOyuF__400x400.jpg","https://pbs.twimg.com/profile_banners/941080085121175552/1515101593",NA,84,61,0.726190476190476,"2018-01-05 18:18:46","2018-02-17 00:44:11",448.934426229508,146,1337.64387224767,150.393442622951,44,525.054958351616
412582,"Tim Kaine","Kaine","","Tim","Senate","D"," Democrat"," Va."," rank-and-file Democrat",0.255759646967,0.457387264377,"https://projects.propublica.org/represent/members/K000384-tim-kaine",25,203,"5.3%","0.8%","https://twitter.com/timkaine",172858784,"Tim Kaine","timkaine","Richmond, VA","Husband to @AnneHolton, father of 3. U.S. Senator from Virginia. In my free time, Iâ€™m either outdoors, reading, or jamming on the harmonica.","https://t.co/YNK0Xrmt2G",TRUE,9156,918134,763,374,5904,"2010-07-30 20:00:32","en","https://t.co/YNK0Xrmt2G","http://timkaine.com","http://pbs.twimg.com/profile_images/922472118377476096/XqCk_uDv_400x400.jpg","https://pbs.twimg.com/profile_banners/172858784/1495807361","http://pbs.twimg.com/profile_background_images/413725666/twitterbackground1_30_12.jpg",3215,2154,0.669984447900467,"2015-11-17 21:00:17","2018-02-18 22:21:20",2222.54967502321,810,4942.49297780625,781.815227483751,212,2071.42516761203
412679,"John Kennedy","Kennedy","","John","Senate","R"," Republican"," La."," centrist Republican follower ",0.669247446959,0.0649994451592,"https://projects.propublica.org/represent/members/K000393-john-kennedy",9,133,"4.2%","0.0%","https://twitter.com/SenJohnKennedy",816683274076614656,"John Kennedy","SenJohnKennedy","Louisiana","The official Twitter page for U.S. Senator John N. Kennedy (R-La) https://t.co/4ceoNzx1Ck","https://t.co/idGDfTIv0R",TRUE,758,12167,1297,372,438,"2017-01-04 16:30:40","en","https://t.co/idGDfTIv0R","https://www.kennedy.senate.gov/","http://pbs.twimg.com/profile_images/831592195320840192/GXfc24bb_400x400.jpg","https://pbs.twimg.com/profile_banners/816683274076614656/1487102029",NA,757,547,0.722589167767503,"2017-01-04 17:04:40","2018-02-16 16:11:55",41.4771480804388,15,319.067920428859,11.7586837294333,5,56.9293332633542
412545,"Angus King ","King","","Angus","Senate","ID"," Independent"," Maine"," centrist Independent",0.401879827355,0.352496494563,"https://projects.propublica.org/represent/members/K000383-angus-king",23,239,"14.4%","0.0%","https://twitter.com/SenAngusKing",1068481578,"Senator Angus King","SenAngusKing","","News from the office of Independent U.S. Senator Angus King of Maine. Operated by the Press Team. Following/retweeting does not equal an endorsement.","http://t.co/i9TZOoGqOm",TRUE,3255,183384,545,120,1681,"2013-01-07 14:52:27","en","http://t.co/i9TZOoGqOm","http://king.senate.gov","http://pbs.twimg.com/profile_images/378800000406004520/c5e846a94969202654cf1ac5fafc3659_400x400.jpeg","https://pbs.twimg.com/profile_banners/1068481578/1489679522","http://abs.twimg.com/images/themes/theme1/bg.png",3202,2593,0.809806371018114,"2013-02-10 16:35:02","2018-02-17 21:39:39",55.0767450829155,4,394.347487950642,19.9059005013498,5,157.462665866764
412242,"Amy Klobuchar","Klobuchar","","Amy","Senate","D"," Democrat"," Minn."," moderate Democratic leader",0.232116572078,0.720251675636,"https://projects.propublica.org/represent/members/K000367-amy-klobuchar",59,355,"4.2%","0.3%","https://twitter.com/amyklobuchar",33537967,"Amy Klobuchar","amyklobuchar","","U.S. Senator from Minnesota. Follows, Retweets, Replies â‰  endorsement","http://t.co/mGGFBfggto",TRUE,6569,404333,109839,26,3028,"2009-04-20 14:59:36","en","http://t.co/mGGFBfggto","http://www.amyklobuchar.com","http://pbs.twimg.com/profile_images/1815362035/AJK_Twitter_400x400.jpg","https://pbs.twimg.com/profile_banners/33537967/1514123906","http://abs.twimg.com/images/themes/theme1/bg.png",3210,2602,0.810591900311527,"2015-11-16 23:03:21","2018-02-18 22:38:41",396.940046118371,133,1896.13034021116,114.885088393543,27,545.510542410131
412464,"James Lankford","Lankford","","James","Senate","R"," Republican"," Okla."," lonley conservative Republican follower",0.872070224957,0.266339211226,"https://projects.propublica.org/represent/members/L000575-james-lankford",22,119,"3.3%","0.0%","https://twitter.com/SenatorLankford",225921757,"Sen. James Lankford","SenatorLankford","Oklahoma and Washington, DC","Serving the State of Oklahoma in the United States Senate","http://t.co/TAadQSsJTA",TRUE,5004,60545,404,273,1558,"2010-12-12 20:33:07","en","http://t.co/TAadQSsJTA","http://lankford.senate.gov","http://pbs.twimg.com/profile_images/824285569379352576/X9u-Ypf3_400x400.jpg","https://pbs.twimg.com/profile_banners/225921757/1517262353","http://abs.twimg.com/images/themes/theme15/bg.png",3217,2394,0.744171588436431,"2013-07-30 13:14:25","2018-02-18 15:41:05",67.3082706766917,16,491.841420232356,25.563074352548,8,151.272276717204
300065,"Patrick J. Leahy","Leahy","J.","Patrick","Senate","D"," Democrat"," Vt."," rank-and-file Democrat",0.178336707836,0.659222298562,"https://projects.propublica.org/represent/members/L000174-patrick-j-leahy",14,209,"3.9%","1.7%","https://twitter.com/SenatorLeahy",242836537,"Sen. Patrick Leahy","SenatorLeahy","Washington, DC","","http://t.co/yrKgLVIocD",TRUE,12223,139685,2329,96,2437,"2011-01-25 18:20:07","en","http://t.co/yrKgLVIocD","http://www.leahy.senate.gov","http://pbs.twimg.com/profile_images/921434597900128256/rcREOAwv_400x400.jpg","https://pbs.twimg.com/profile_banners/242836537/1358287469","http://pbs.twimg.com/profile_background_images/211393248/Leahy_Twitter_BG.png",3208,1292,0.402743142144638,"2016-12-14 14:11:49","2018-02-17 18:57:22",195.893962848297,59.5,843.395476098684,100.580495356037,29,455.069837107268
412495,"Mike Lee","Lee","","Mike","Senate","R"," Republican"," Utah"," conservative Republican",0.878316026005,0.586819323976,"https://projects.propublica.org/represent/members/L000577-mike-lee",32,108,"11.4%","0.6%","https://twitter.com/SenMikeLee",88784440,"Mike Lee","SenMikeLee","Utah","I am a United States Senator from the great state of Utah. Please help me restore constitutional leadership to Washington!","http://t.co/WnT9wNOtNT",TRUE,4453,420563,2431,68,4358,"2009-11-09 22:47:47","en","http://t.co/WnT9wNOtNT","http://www.lee.senate.gov","http://pbs.twimg.com/profile_images/1766994197/official_photo_400x400.jpeg","https://pbs.twimg.com/profile_banners/88784440/1400689167","http://pbs.twimg.com/profile_background_images/354472796/Twitter_Background.jpg",3206,2487,0.77573300062383,"2011-12-13 21:25:46","2018-02-18 16:21:00",135.907921190189,18,1302.89640115613,98.9859268194612,32,395.081042282229
412391,"Joe Manchin III","Manchin","","Joe","Senate","D"," Democrat"," W.Va."," centrist Democrat",0.582446084318,0.463954449348,"https://projects.propublica.org/represent/members/M001183-joe-manchin-iii",29,160,"27.5%","0.3%","https://twitter.com/Sen_JoeManchin",234374703,"Senator Joe Manchin","Sen_JoeManchin","","I proudly serve the people of West Virginia. Please do not hesitate to contact me to share your commonsense ideas, concerns or if you need assistance.","http://t.co/KZ8ptSeHhI",TRUE,4904,141126,710,157,2115,"2011-01-05 14:13:33","en","http://t.co/KZ8ptSeHhI","http://manchin.senate.gov","http://pbs.twimg.com/profile_images/907719517266219008/am4POdPf_400x400.jpg","https://pbs.twimg.com/profile_banners/234374703/1428611282","http://pbs.twimg.com/profile_background_images/342514931/manchin_twitter.jpg",3247,2862,0.881429011395134,"2013-12-16 21:21:11","2018-02-17 14:00:02",43.2990915443746,6,348.599565053592,15.5108315863033,4,125.745137575911
400253,"Edward J. Markey","Markey","J.","Edward","Senate","D"," Democrat"," Mass."," progressive Democrat",0.00535859327782,0.488827529737,"https://projects.propublica.org/represent/members/M000133-edward-j-markey",45,341,"12.8%","0.3%","https://twitter.com/SenMarkey",21406834,"Ed Markey","SenMarkey","MA","Official account for Senator Edward J. Markey. National leader on energy, environment, climate, telecom. Voice for consumer protection. https://t.co/nfYWzVp6R8","https://t.co/PvCpESuHno",TRUE,11346,118683,1352,232,2799,"2009-02-20 15:49:29","en","https://t.co/PvCpESuHno","http://www.markey.senate.gov/","http://pbs.twimg.com/profile_images/871723431695396865/Ff5dlbMr_400x400.jpg","https://pbs.twimg.com/profile_banners/21406834/1516900965","http://pbs.twimg.com/profile_background_images/570709272883769344/qcdqgLBG.jpeg",3245,1622,0.499845916795069,"2017-02-10 19:15:43","2018-02-18 23:16:06",422.236128236745,76,4210.33553362607,215.785450061652,37,2011.8807286259
300071,"John McCain","McCain","","John","Senate","R"," Republican"," Ariz."," rank-and-file Republican",0.734263817303,0.443069373989,"https://projects.propublica.org/represent/members/M000303-john-mccain",24,128,"7.8%","21.9%","https://twitter.com/SenJohnMcCain",19394188,"John McCain","SenJohnMcCain","Phoenix, AZ / Washington, DC","U.S. Senator John McCain (R-AZ), Chairman of Senate Armed Services Committee",NA,TRUE,14140,3137311,380,93,20527,"2009-01-23 13:42:31","en",NA,NA,"http://pbs.twimg.com/profile_images/898243253362929664/y1gCTcz1_400x400.jpg","https://pbs.twimg.com/profile_banners/19394188/1421190330","http://pbs.twimg.com/profile_background_images/4035204/Twitter-page-3.jpg",3250,2708,0.833230769230769,"2016-04-04 14:12:05","2018-02-18 21:04:40",1973.66137370753,188.5,11367.9642603516,586.619276218612,63,3721.72676716997
412243,"Claire McCaskill","McCaskill","","Claire","Senate","D"," Democrat"," Mo."," centrist Democrat",0.398748458017,0.351702598263,"https://projects.propublica.org/represent/members/M001170-claire-mccaskill",31,164,"15.0%","3.9%","https://twitter.com/McCaskillOffice",57065141,"McCaskill Office","McCaskillOffice","Missouri","Office of U.S. Senator Claire McCaskill. Staff updates on Claire's work for Missouri.","http://t.co/pKvjyWTi5B",TRUE,5994,15266,1553,382,786,"2009-07-15 16:40:06","en","http://t.co/pKvjyWTi5B","http://mccaskill.senate.gov","http://pbs.twimg.com/profile_images/926081134571806720/hf-IeDBp_400x400.jpg","https://pbs.twimg.com/profile_banners/57065141/1509629947","http://pbs.twimg.com/profile_background_images/443629164/twitterbg2.jpg",3236,1758,0.543263288009889,"2014-10-06 03:24:20","2018-02-16 21:27:37",16.3526734926052,1,230.643120240569,8.25767918088737,1,121.72708090701
300072,"Mitch McConnell","McConnell","","Mitch","Senate","R"," Republican"," Ky."," moderate Republican leader",0.792421096923,1,"https://projects.propublica.org/represent/members/M000355-mitch-mcconnell",27,43,"1.7%","0.0%","https://twitter.com/McConnellPress",339822881,"Sen. McConnell Press","McConnellPress","","The Kentucky press office for Senator Mitch McConnell. For more information please visit his website:","http://t.co/GZL4NPuP1q",TRUE,9931,79292,331,15,2086,"2011-07-21 18:25:30","en","http://t.co/GZL4NPuP1q","http://mcconnell.senate.gov","http://pbs.twimg.com/profile_images/3669175024/adf5306d54877f14161a1c030b5ae779_400x400.jpeg","https://pbs.twimg.com/profile_banners/339822881/1445984145","http://pbs.twimg.com/profile_background_images/656131218119897088/-FgGPLAc.jpg",3210,2076,0.646728971962617,"2015-06-10 15:15:13","2018-02-16 20:25:06",7.45712909441233,4,14.0752398937703,4.69797687861272,3,6.25712630845399
400272,"Robert Menendez","Menendez","","Robert","Senate","D"," Democrat"," N.J."," moderate Democratic leader",0.12996565892,0.915810507945,"https://projects.propublica.org/represent/members/M000639-robert-menendez",41,212,"5.7%","22.4%","https://twitter.com/SenatorMenendez",18695134,"Senator Bob Menendez","SenatorMenendez","","Proudly serving the State of New Jersey in the United States Senate.","http://t.co/k4dLi6HYYJ",TRUE,6986,143468,890,385,3459,"2009-01-06 21:01:12","en","http://t.co/k4dLi6HYYJ","http://menendez.senate.gov","http://pbs.twimg.com/profile_images/870757485799460864/9wPt2RH9_400x400.jpg","https://pbs.twimg.com/profile_banners/18695134/1401367166","http://pbs.twimg.com/profile_background_images/552940589159686144/5edCweKj.jpeg",3243,2420,0.746222633364169,"2014-12-10 23:43:10","2018-02-18 16:08:07",247.188016528926,39,6321.1538523103,128.164462809917,21,2942.2518266996
412325,"Jeff Merkley","Merkley","","Jeff","Senate","D"," Democrat"," Ore."," progressive Democrat",0.00635441588391,0.434426808367,"https://projects.propublica.org/represent/members/M001176-jeff-merkley",21,298,"13.8%","1.4%","https://twitter.com/SenJeffMerkley",29201047,"Senator Jeff Merkley","SenJeffMerkley","Oregon","U.S. Senator from the State of Oregon. Instagram: https://t.co/pECsFBm1G1","https://t.co/uoOTYAkx5J",TRUE,7220,346671,826,31,3830,"2009-04-06 13:38:39","en","https://t.co/uoOTYAkx5J","http://merkley.senate.gov","http://pbs.twimg.com/profile_images/873324219630854144/-7ZzOONo_400x400.jpg","https://pbs.twimg.com/profile_banners/29201047/1473699074","http://pbs.twimg.com/profile_background_images/474313102255591424/_wLb5cuU.jpeg",3245,1820,0.560862865947612,"2017-02-01 18:21:49","2018-02-18 16:38:00",707.353846153846,268,2384.38495994899,347.227472527473,108,1364.00161496311
400284,"Jerry Moran","Moran","","Jerry","Senate","R"," Republican"," Kan."," rank-and-file Republican",0.768436535749,0.610766756068,"https://projects.propublica.org/represent/members/M000934-jerry-moran",32,131,"3.2%","3.6%","https://twitter.com/JerryMoran",18632666,"Senator Jerry Moran","JerryMoran","Kansas","Official account of U.S. Senator Jerry Moran. Honored to represent Kansans in the U.S. Senate.","http://t.co/CBA3beMHNs",TRUE,4314,73720,3036,394,1919,"2009-01-05 14:25:22","en","http://t.co/CBA3beMHNs","http://www.moran.senate.gov","http://pbs.twimg.com/profile_images/834123788153397248/8XI1dcQL_400x400.jpg","https://pbs.twimg.com/profile_banners/18632666/1509573111","http://pbs.twimg.com/profile_background_images/461282822599098368/UYEy7ENK.jpeg",3196,2427,0.759386733416771,"2012-07-19 20:23:44","2018-02-17 19:15:00",19.0527400082406,3,260.148485763823,8.99917593737124,4,71.9391803623625
300075,"Lisa Murkowski","Murkowski","","Lisa","Senate","R"," Republican"," Alaska"," centrist Republican",0.579986319462,0.451619955264,"https://projects.propublica.org/represent/members/M001153-lisa-murkowski",47,159,"6.8%","2.5%","https://twitter.com/LisaMurkowski",18061669,"Sen. Lisa Murkowski","lisamurkowski","Alaska & Washington, D.C.","Official Twitter account for U.S. Senator Lisa Murkowski. Follow me for news and updates on what's happening in the Senate and across Alaska.","https://t.co/I9sMLHODtC",TRUE,5047,166983,552,129,3088,"2008-12-11 21:55:19","en","https://t.co/I9sMLHODtC","http://murkowski.senate.gov","http://pbs.twimg.com/profile_images/740953879731425281/MZI61Ij6_400x400.jpg","https://pbs.twimg.com/profile_banners/18061669/1421099983","http://pbs.twimg.com/profile_background_images/532937815269453825/CVoJf05k.jpeg",3221,2311,0.717479043775225,"2013-07-10 22:09:26","2018-02-17 20:40:45",86.7676330592817,6,856.670986114134,20.1492860233665,5,208.978133755707
412194,"Christopher S. Murphy","Murphy","S.","Christopher","Senate","D"," Democrat"," Conn."," rank-and-file Democrat",0.115538275937,0.343035385839,"https://projects.propublica.org/represent/members/M001169-christopher-s-murphy",23,188,"5.3%","0.6%","https://twitter.com/ChrisMurphyCT",150078976,"Chris Murphy","ChrisMurphyCT","","U.S. Senator, Connecticut.","https://t.co/aLch41i9qJ",TRUE,15669,635564,178,881,4296,"2010-05-31 01:22:43","en","https://t.co/aLch41i9qJ","https://chrismurphy.com/","http://pbs.twimg.com/profile_images/871076844904361985/7NorOQHB_400x400.jpg","https://pbs.twimg.com/profile_banners/150078976/1493845670","http://abs.twimg.com/images/themes/theme1/bg.png",3214,1780,0.553827006845053,"2016-12-28 21:11:02","2018-02-18 18:29:12",3122.13707865169,518.5,10981.9043113593,1382.28707865169,144.5,5453.61052737713
300076,"Patty Murray","Murray","","Patty","Senate","D"," Democrat"," Wash."," rank-and-file Democrat",0.120571418986,0.659946678462,"https://projects.propublica.org/represent/members/M001111-patty-murray",29,212,"3.4%","0.8%","https://twitter.com/PattyMurray",293131808,"Senator Patty Murray","PattyMurray","WA & DC","Official account of U.S. Senator Patty Murray (D-WA) | Tweets come from staff unless signed â€œ-PMâ€ by Senator Murray | RTâ‰ endorsement","http://t.co/7bd8QMhqRT",TRUE,12557,397735,2165,201,3145,"2011-05-04 20:23:35","en","http://t.co/7bd8QMhqRT","http://murray.senate.gov/","http://pbs.twimg.com/profile_images/430384292917555200/ULj2LMsW_400x400.jpeg","https://pbs.twimg.com/profile_banners/293131808/1498749086","http://pbs.twimg.com/profile_background_images/298647706/free_twitter_designer.jpg",3214,1938,0.602986932171749,"2016-09-01 13:20:00","2018-02-17 02:12:00",435.273477812177,221.5,817.216761603,192.589267285862,94,514.246102290118
300078,"Bill Nelson","Nelson","","Bill","Senate","D"," Democrat"," Fla."," centrist Democratic leader",0.42666379825,0.68530466085,"https://projects.propublica.org/represent/members/N000032-bill-nelson",46,218,"9.7%","2.8%","https://twitter.com/SenBillNelson",20597460,"Bill Nelson","SenBillNelson","Florida/ Washington, D.C.","U.S. Sen. Bill Nelson is the senior senator from the state of Florida.","http://t.co/vGd5w3eooK",TRUE,909,285717,102,0,3288,"2009-02-11 15:44:25","en","http://t.co/vGd5w3eooK","http://billnelson.senate.gov","http://pbs.twimg.com/profile_images/77360086/senateBillNelson_400x400.jpg","https://pbs.twimg.com/profile_banners/20597460/1510090720","http://pbs.twimg.com/profile_background_images/26690619/final_twitter_background.jpg",907,782,0.862183020948181,"2009-02-17 16:49:58","2018-02-17 22:24:02",226.101023017903,5,1603.25358814078,102.75831202046,16,863.368713599377
412492,"Rand Paul","Paul","","Rand","Senate","R"," Republican"," Ky."," rank-and-file Republican",0.758338023265,0.495550408055,"https://projects.propublica.org/represent/members/P000603-rand-paul",32,80,"16.1%","3.6%","https://twitter.com/RandPaul",216881337,"Senator Rand Paul","RandPaul","Bowling Green, KY","U.S. Senator for Kentucky | I fight for the Constitution, individual liberty and the freedoms that make this country great.","https://t.co/V4RkZkfWyy",TRUE,11934,2096444,475,803,12098,"2010-11-17 23:52:35","en","https://t.co/V4RkZkfWyy","http://paul.senate.gov","http://pbs.twimg.com/profile_images/681152691461042177/_PrgDgFA_400x400.jpg","https://pbs.twimg.com/profile_banners/216881337/1508431224","http://abs.twimg.com/images/themes/theme15/bg.png",3232,1572,0.486386138613861,"2016-01-24 12:26:46","2018-02-17 18:49:08",2149.15521628499,621,5378.52257985674,819.681297709924,226,2164.52186956512
412666,"David Perdue","Perdue","","David","Senate","R"," Republican"," Ga."," moderate Republican follower",0.858270620539,0.173298442294,"https://projects.propublica.org/represent/members/P000612-david-perdue",11,156,"2.2%","1.4%","https://twitter.com/sendavidperdue",2863210809,"David Perdue","sendavidperdue","Georgia","Official Twitter account for U.S. Senator David Perdue of Georgia.","http://t.co/I3Xla94WAO",TRUE,2928,45648,986,403,1035,"2014-11-05 20:58:02","en","http://t.co/I3Xla94WAO","http://perdue.senate.gov","http://pbs.twimg.com/profile_images/821843329008680967/zqpECZrD_400x400.jpg","https://pbs.twimg.com/profile_banners/2863210809/1468436652","http://abs.twimg.com/images/themes/theme1/bg.png",2926,2285,0.78092959671907,"2015-01-06 16:56:46","2018-02-17 15:49:39",38.7299781181619,6,296.15164087721,16.7190371991247,5,110.768406775253
412305,"Gary Peters","Peters","","Gary","Senate","D"," Democrat"," Mich."," moderate Democratic follower",0.334636742174,0.280790332304,"https://projects.propublica.org/represent/members/P000595-gary-peters",28,248,"7.0%","1.1%","https://twitter.com/SenGaryPeters",236511574,"Senator Gary Peters","SenGaryPeters","","U.S. Senator proudly representing the state of Michigan.","http://t.co/LDQSc7zibg",TRUE,4748,104472,1145,61,1316,"2011-01-10 19:17:36","en","http://t.co/LDQSc7zibg","http://peters.senate.gov","http://pbs.twimg.com/profile_images/921025087251386369/11o7UGiT_400x400.jpg","https://pbs.twimg.com/profile_banners/236511574/1497465437","http://abs.twimg.com/images/themes/theme1/bg.png",3217,2754,0.856077090456947,"2015-03-06 18:36:37","2018-02-16 18:53:16",40.8562091503268,7,120.234664393892,14.218954248366,4,45.8310474989635
400325,"Rob Portman","Portman","","Rob","Senate","R"," Republican"," Ohio"," centrist Republican leader",0.617915163073,0.788482683884,"https://projects.propublica.org/represent/members/P000449-rob-portman",35,150,"2.0%","0.8%","https://twitter.com/SenRobPortman",18915145,"Rob Portman","senrobportman","Ohio","United States Senator from the Buckeye State.","https://t.co/IR7Ky4qOaO",TRUE,11746,120933,5082,313,2835,"2009-01-12 20:56:42","en","https://t.co/IR7Ky4qOaO","http://portman.senate.gov","http://pbs.twimg.com/profile_images/494254882728071168/tDV7lz9j_400x400.jpeg","https://pbs.twimg.com/profile_banners/18915145/1452004224","http://pbs.twimg.com/profile_background_images/159646768/New_Twitter_Test_h.png",3215,3007,0.935303265940902,"2017-03-13 20:16:50","2018-02-18 20:20:00",54.5147988027935,23,557.76618410545,19.2181576321916,9,182.273221405983
300081,"Jack Reed","Reed","","Jack","Senate","D"," Democrat"," R.I."," progressive Democrat",0.0650440453539,0.572888149454,"https://projects.propublica.org/represent/members/R000122-jack-reed",25,184,"5.0%","0.0%","https://twitter.com/SenJackReed",486694111,"Senator Jack Reed","SenJackReed","Providence, Rhode Island","Official Twitter feed of Rhode Islandâ€™s U.S. Senator Jack Reed.","http://t.co/zRkAemKyYn",TRUE,4893,65793,32,88,1528,"2012-02-08 15:24:01","en","http://t.co/zRkAemKyYn","http://www.reed.senate.gov","http://pbs.twimg.com/profile_images/611042380846907393/L-JV9zuJ_400x400.jpg","https://pbs.twimg.com/profile_banners/486694111/1431108911","http://pbs.twimg.com/profile_background_images/436126919/twitter-bg.png",3204,2572,0.802746566791511,"2014-03-25 19:45:17","2018-02-16 21:38:37",41.4412908242613,8,139.803532388095,19.7733281493002,6,56.7828499286318
412322,"Jim Risch","Risch","","Jim","Senate","R"," Republican"," Idaho"," conservative Republican",0.908875646756,0.300255944353,"https://projects.propublica.org/represent/members/R000584-jim-risch",16,140,"3.9%","0.8%","https://twitter.com/SenatorRisch",1096059529,"Senator Jim Risch","SenatorRisch","Boise & Washington, D.C.","United States Senator Jim Risch (R-ID)","http://t.co/EnaXWE63",TRUE,1020,49745,157,143,1297,"2013-01-16 18:58:23","en","http://t.co/EnaXWE63","http://risch.senate.gov","http://pbs.twimg.com/profile_images/3161364149/32f2f83385840438a393070a7e426bde_400x400.jpeg","https://pbs.twimg.com/profile_banners/1096059529/1477416030","http://pbs.twimg.com/profile_background_images/766172933/f414280361396ecd9efe1f6847fb0024.jpeg",1019,608,0.59666339548577,"2013-01-17 19:12:54","2018-02-14 20:18:45",7.89309210526316,3,14.3354752296774,6.80263157894737,3.5,15.2114322193499
300083,"Pat Roberts","Roberts","","Pat","Senate","R"," Republican"," Kan."," conservative Republican",0.952513533649,0.596509060498,"https://projects.propublica.org/represent/members/R000307-pat-roberts",17,138,"0.8%","1.4%","https://twitter.com/SenPatRoberts",75364211,"Pat Roberts","SenPatRoberts","Kansas and Washington, DC","United States Senator from Kansas","http://t.co/hroyLNRzED",TRUE,5367,51435,862,127,1748,"2009-09-18 19:34:56","en","http://t.co/hroyLNRzED","http://roberts.senate.gov","http://pbs.twimg.com/profile_images/859469480673652737/5hBfaA8-_400x400.jpg","https://pbs.twimg.com/profile_banners/75364211/1436984767","http://pbs.twimg.com/profile_background_images/149810940/roberts_twitter2.jpg",3235,1785,0.55177743431221,"2015-09-10 17:46:39","2018-02-15 20:43:37",15.2106442577031,6,112.348983836737,7.52324929971989,4,29.0092888049632
412669,"Mike Rounds","Rounds","","Mike","Senate","R"," Republican"," S.D."," moderate Republican follower",0.848199745709,0.189370892287,"https://projects.propublica.org/represent/members/R000605-mike-rounds",30,165,"1.4%","0.0%","https://twitter.com/SenatorRounds",2955485182,"Senator Mike Rounds","SenatorRounds","Pierre, South Dakota","U.S. Senator for South Dakota","http://t.co/gMVH2AwcFu",TRUE,2115,17214,546,187,693,"2015-01-01 20:23:49","en","http://t.co/gMVH2AwcFu","http://rounds.senate.gov","http://pbs.twimg.com/profile_images/555794520311205888/sdPOdu4L_400x400.jpeg","https://pbs.twimg.com/profile_banners/2955485182/1426022654","http://abs.twimg.com/images/themes/theme1/bg.png",2115,1699,0.803309692671395,"2015-01-15 19:18:38","2018-02-16 00:16:07",8.13831665685697,4,24.6535535081755,4.73690406121248,3,10.4147613178145
412491,"Marco Rubio","Rubio","","Marco","Senate","R"," Republican"," Fla."," moderate Republican leader",0.787588860862,0.797662130726,"https://projects.propublica.org/represent/members/R000595-marco-rubio",59,264,"1.4%","4.2%","https://twitter.com/SenRubioPress",229966028,"Senator Rubio Press","SenRubioPress","Florida, USA","Official account of U.S. Senator @MarcoRubio's PressShop. For more information please visit his website.","https://t.co/TiIO1bPBQw",TRUE,5128,42649,536,40,1283,"2010-12-23 21:22:47","en","https://t.co/TiIO1bPBQw","http://rubio.senate.gov","http://pbs.twimg.com/profile_images/951541361483894784/ZWLWOoil_400x400.jpg","https://pbs.twimg.com/profile_banners/229966028/1486679186","http://pbs.twimg.com/profile_background_images/228996661/rubio_twitter.jpg",3241,2198,0.678185745140389,"2015-03-18 21:57:37","2018-02-16 00:34:06",80.0177434030937,46,160.460092222895,55.9181073703367,36,117.570334093921
400357,"Bernard Sanders ","Sanders","","Bernard","Senate","ID"," Independent"," Vt."," left-leaning Independent",0,0.403198872451,"https://projects.propublica.org/represent/members/S000033-bernard-sanders",19,173,"18.9%","3.0%","https://twitter.com/SenSanders",29442313,"Bernie Sanders","SenSanders","Vermont/DC","Sen. Bernie Sanders is the longest serving independent in congressional history. Tweets ending in -B are from Bernie, and all others are from a staffer.","http://t.co/8AS4FI1oge",TRUE,18256,7458027,2050,34,24038,"2009-04-07 13:02:35","en","http://t.co/8AS4FI1oge","http://www.sanders.senate.gov/","http://pbs.twimg.com/profile_images/794619281271033856/Fs0QQaH7_400x400.jpg","https://pbs.twimg.com/profile_banners/29442313/1430854323","http://pbs.twimg.com/profile_background_images/514189149444661248/pkGHMpZZ.jpeg",3219,2160,0.671015843429636,"2016-08-27 21:07:06","2018-02-18 22:14:41",15876.1157407407,9100,31521.0861291752,5850.52037037037,3296.5,13131.4997264171
412671,"Ben Sasse","Sasse","","Ben","Senate","R"," Republican"," Neb."," moderate Republican follower",0.736296212895,0.230416401603,"https://projects.propublica.org/represent/members/S001197-ben-sasse",3,55,"5.3%","1.1%","https://twitter.com/SenSasse",2962923040,"Senator Ben Sasse","SenSasse","","The press office account of U.S. Sen. Sasse. His (less political/hopefully more interesting) personal account is @ BenSasse.",NA,TRUE,851,98954,1,0,1394,"2015-01-05 22:39:56","en",NA,NA,"http://pbs.twimg.com/profile_images/552233907337179138/D7idMyaS_400x400.jpeg","https://pbs.twimg.com/profile_banners/2962923040/1445881489","http://abs.twimg.com/images/themes/theme1/bg.png",850,780,0.917647058823529,"2015-01-07 15:12:59","2018-02-14 01:38:02",174.698717948718,16,624.601872886437,82.0538461538462,11,288.576408763905
412507,"Brian Schatz","Schatz","","Brian","Senate","D"," Democrat"," Hawaii"," rank-and-file Democrat",0.104128452789,0.395838344499,"https://projects.propublica.org/represent/members/S001194-brian-schatz",23,181,"7.0%","1.1%","https://twitter.com/SenBrianSchatz",1262099252,"Senator Brian Schatz","SenBrianSchatz","","Tweets from the Office of U.S. Senator Brian Schatz, representing the great state of Hawaii.","https://t.co/gtDuP4fjqv",TRUE,1381,30094,1408,26,928,"2013-03-12 14:23:20","en","https://t.co/gtDuP4fjqv","http://www.schatz.senate.gov/","http://pbs.twimg.com/profile_images/849770568677298176/dzXWNsOx_400x400.jpg","https://pbs.twimg.com/profile_banners/1262099252/1433862030","http://pbs.twimg.com/profile_background_images/378800000106691076/2b6bbf33a22f72276ed69c7e8f0e4fa2.jpeg",1380,1102,0.798550724637681,"2013-03-21 17:46:33","2018-02-08 16:59:10",24.1352087114338,4,119.553661500234,14.3847549909256,3,67.9593220204983
300087,"Charles E. Schumer","Schumer","E.","Charles","Senate","D"," Democrat"," N.Y."," rank-and-file Democrat",0.137156735361,0.479300806721,"https://projects.propublica.org/represent/members/S000148-charles-e-schumer",8,128,"5.3%","0.0%","https://twitter.com/SenSchumer",17494010,"Chuck Schumer","SenSchumer","New York, NY","Official account of Senator Chuck Schumer - New Yorkâ€™s Senator RTâ‰ endorsement","https://t.co/8Vw6E2f47h",TRUE,12311,1375184,26314,177,8252,"2008-11-19 20:10:20","en","https://t.co/8Vw6E2f47h","http://schumer.senate.gov","http://pbs.twimg.com/profile_images/940948640855674880/48ycUgvr_400x400.jpg","https://pbs.twimg.com/profile_banners/17494010/1513174636","http://pbs.twimg.com/profile_background_images/194748071/Schumer-Twitter-Background.jpg",3211,1604,0.499532855808159,"2017-01-18 17:30:56","2018-02-19 00:04:39",3379.07917705736,1364,6957.47980374745,1346.12718204489,517.5,3198.00441558175
412471,"Tim Scott","Scott","","Tim","Senate","R"," Republican"," S.C."," conservative Republican",0.87510536709,0.525695164728,"https://projects.propublica.org/represent/members/S001184-tim-scott",17,109,"1.1%","1.4%","https://twitter.com/SenatorTimScott",217543151,"Tim Scott","SenatorTimScott","South Carolina","Official account of U.S. Senator Tim Scott. Honored to represent the great state of South Carolina. RTs and follows dont equal endorsements. #OpportunityAgenda","https://t.co/EoB6giYuOp",TRUE,6885,363980,3939,1072,3399,"2010-11-19 20:34:30","en","https://t.co/EoB6giYuOp","http://scott.senate.gov","http://pbs.twimg.com/profile_images/747875631820603392/IPwQ2WC9_400x400.jpg","https://pbs.twimg.com/profile_banners/217543151/1456844069","http://pbs.twimg.com/profile_background_images/378800000070739660/d040ddef4d566dc5c08b9aa3734a607a.jpeg",3220,1812,0.562732919254658,"2015-10-05 10:25:15","2018-02-16 21:05:09",327.873068432671,114,1810.044995918,100.645695364238,40,632.476884702739
412323,"Jeanne Shaheen","Shaheen","","Jeanne","Senate","D"," Democrat"," N.H."," moderate Democratic leader",0.226240730681,0.718426330194,"https://projects.propublica.org/represent/members/S001181-jeanne-shaheen",48,283,"5.0%","0.3%","https://twitter.com/SenatorShaheen",109287731,"Sen. Jeanne Shaheen","SenatorShaheen","Washington, DC","Proud Granite Stater serving New Hampshire in the US Senate. Former Governor. Mother & Grandmother. Frequent Flyer. Pats & Red Sox Fan. Outdoor enthusiast.","https://t.co/6hHVU7yiOK",TRUE,6057,83029,5516,234,1990,"2010-01-28 15:22:44","en","https://t.co/6hHVU7yiOK","http://shaheen.senate.gov/","http://pbs.twimg.com/profile_images/942747189679443968/HKsg5CqG_400x400.jpg","https://pbs.twimg.com/profile_banners/109287731/1513603953","http://abs.twimg.com/images/themes/theme13/bg.gif",3206,2572,0.802245789145352,"2014-08-06 19:39:05","2018-02-17 14:30:11",55.5645412130638,11,222.662823345301,23.9751166407465,7,84.6992813681464
300089,"Richard C. Shelby","Shelby","C.","Richard","Senate","R"," Republican"," Ala."," centrist Republican follower ",0.685232653495,0.198795213688,"https://projects.propublica.org/represent/members/S000320-richard-c-shelby",7,37,"2.0%","0.8%","https://twitter.com/SenShelby",21111098,"Richard Shelby","SenShelby","Tuscaloosa, Alabama","The official Twitter page for U.S. Senator Richard Shelby (R-Ala.) https://t.co/YqOy54UpSf","https://t.co/1iULT8X6Vz",TRUE,1610,63221,426,234,1863,"2009-02-17 17:53:43","en","https://t.co/1iULT8X6Vz","http://www.shelby.senate.gov","http://pbs.twimg.com/profile_images/621070518834212864/ikIQKvUq_400x400.jpg","https://pbs.twimg.com/profile_banners/21111098/1436912050","http://pbs.twimg.com/profile_background_images/621069910605586432/kqTnJuG4.png",1606,1238,0.770859277708593,"2011-04-28 16:27:37","2018-02-14 23:57:43",22.8029079159935,8,110.424879119161,9.59693053311793,5,35.1943428560205
412742,"Tina Smith","Smith","","Tina","Senate","D"," Democrat"," Minn."," centrist Democratic follower",0.359909414832,0,"https://projects.propublica.org/represent/members/S001203-tina-smith",0,49,"2.8%","0.0%","https://twitter.com/SenTinaSmith",941000686275387392,"Tina Smith","SenTinaSmith","","Official account of U.S. Senator Tina Smith of Minnesota.",NA,TRUE,387,21744,323,1,202,"2017-12-13 17:43:41","en",NA,NA,"http://pbs.twimg.com/profile_images/951229723941752833/cz1YSD5Y_400x400.jpg","https://pbs.twimg.com/profile_banners/941000686275387392/1517267464",NA,397,179,0.45088161209068,"2018-01-03 16:21:07","2018-02-18 19:27:21",225.240223463687,66,874.286562020878,48.9944134078212,14,171.680638225888
300093,"Debbie Stabenow","Stabenow","","Debbie","Senate","D"," Democrat"," Mich."," rank-and-file Democrat",0.178532152298,0.463901268785,"https://projects.propublica.org/represent/members/S000770-debbie-stabenow",29,224,"6.2%","1.1%","https://twitter.com/SenStabenow",76456274,"Sen. Debbie Stabenow","SenStabenow","Washington, DC","Representing the people from the Great State of Michigan in the United States Senate","http://t.co/JK7PEnhz5B",TRUE,3265,83558,2176,30,1945,"2009-09-22 21:30:16","en","http://t.co/JK7PEnhz5B","http://stabenow.senate.gov","http://pbs.twimg.com/profile_images/735149032096604161/co-FGACV_400x400.jpg","https://pbs.twimg.com/profile_banners/76456274/1464728308","http://pbs.twimg.com/profile_background_images/200103339/twitter2011.jpg",3214,2228,0.693217174859988,"2009-11-18 15:03:26","2018-02-18 18:36:20",71.4968581687612,9,378.541298385986,29.3137342908438,5,231.030653517493
412665,"Dan Sullivan","Sullivan","","Dan","Senate","R"," Republican"," Alaska"," rank-and-file Republican",0.716331617266,0.307492200749,"https://projects.propublica.org/represent/members/S001198-dan-sullivan",31,126,"1.4%","3.3%","https://twitter.com/SenDanSullivan",2891210047,"SenDanSullivan","SenDanSullivan","","Official twitter account for U.S. Senator Dan Sullivan.  Proudly serving the state of Alaska.","http://t.co/9uIoLCChCm",TRUE,1868,16796,600,71,719,"2014-11-05 21:25:42","en","http://t.co/9uIoLCChCm","http://www.sullivan.senate.gov","http://pbs.twimg.com/profile_images/553674509639618560/XOdVwVGN_400x400.png",NA,"http://abs.twimg.com/images/themes/theme1/bg.png",1867,1597,0.855382967327263,"2015-01-11 19:08:26","2018-02-16 04:33:59",11.5904821540388,5,57.253449706885,6.1577958672511,4,25.239556954095
412244,"Jon Tester","Tester","","Jon","Senate","D"," Democrat"," Mont."," centrist Democrat",0.437544466669,0.610763909013,"https://projects.propublica.org/represent/members/T000464-jon-tester",52,221,"10.4%","1.4%","https://twitter.com/SenatorTester",515822213,"Senator Jon Tester","SenatorTester","Montana","Third-generation Montana farmer. Proud grandfather. Former school teacher. Flattop icon. Trumpet player. Montana's senior Senator.","http://t.co/G4S7FHr0Od",TRUE,3761,90204,986,179,965,"2012-03-05 20:13:29","en","http://t.co/G4S7FHr0Od","http://tester.senate.gov","http://pbs.twimg.com/profile_images/843961388187967488/-UJY-klQ_400x400.jpg","https://pbs.twimg.com/profile_banners/515822213/1490051228","http://pbs.twimg.com/profile_background_images/447547788/x58a761bd8b99e2827bcd7c9fe3e13aa.jpg",3193,2155,0.674913874099593,"2015-01-21 03:50:48","2018-02-19 00:00:06",166.352204176334,9,5554.94087863444,90.4027842227378,5,3358.49521853972
400546,"John Thune","Thune","","John","Senate","R"," Republican"," S.D."," moderate Republican leader",0.845464945556,0.727163895684,"https://projects.propublica.org/represent/members/T000250-john-thune",42,98,"1.1%","0.0%","https://twitter.com/SenJohnThune",296361085,"Senator John Thune","SenJohnThune","","U.S. Senator John Thune, South Dakota. Chairman of @SenateGOP & @SenateCommerce. Father. Husband. Avid Outdoorsman. Sports Fan.","http://t.co/OiwOiAFGGw",TRUE,4282,89234,322,32,2071,"2011-05-10 16:41:48","en","http://t.co/OiwOiAFGGw","http://thune.senate.gov","http://pbs.twimg.com/profile_images/1347910653/JRTTwitterProfile_400x400.jpg","https://pbs.twimg.com/profile_banners/296361085/1452790054","http://pbs.twimg.com/profile_background_images/687674369162653696/1QPLgt_H.png",3232,2709,0.838180693069307,"2013-11-26 00:02:07","2018-02-13 20:57:00",29.7929125138427,12,141.958128856953,12.515319306017,6,81.3403653017265
412668,"Thom Tillis","Tillis","","Thom","Senate","R"," Republican"," N.C."," moderate Republican follower",0.771317347445,0.100307132655,"https://projects.propublica.org/represent/members/T000476-thom-tillis",12,173,"0.6%","3.3%","https://twitter.com/senthomtillis",2964174789,"Senator Thom Tillis","SenThomTillis","Washington, D.C.","Official Twitter account of North Carolina U.S. Senator Thom Tillis.","https://t.co/mLVkKiULqh",TRUE,3134,49439,4602,859,1125,"2015-01-06 14:22:18","en","https://t.co/mLVkKiULqh","http://tillis.senate.gov","http://pbs.twimg.com/profile_images/748878588896768000/sjSP8Rlt_400x400.jpg","https://pbs.twimg.com/profile_banners/2964174789/1513621335","http://abs.twimg.com/images/themes/theme1/bg.png",3130,1688,0.539297124600639,"2015-01-06 21:02:54","2018-02-16 20:47:19",54.4739336492891,11,521.267798615825,21.292654028436,8,119.692833081166
400408,"Patrick J. Toomey","Toomey","J.","Patrick","Senate","R"," Republican"," Pa."," rank-and-file Republican",0.731646524694,0.54638816056,"https://projects.propublica.org/represent/members/T000461-patrick-j-toomey",14,73,"3.7%","3.6%","https://twitter.com/SenToomey",221162525,"Senator Pat Toomey","SenToomey","","Official Twitter account for Pat Toomey. Husband. Father. U.S. Senator for Pennsylvania.","http://t.co/7dKjJ0xolY",TRUE,4218,109652,1072,229,2523,"2010-11-29 22:32:09","en","http://t.co/7dKjJ0xolY","http://toomey.senate.gov","http://pbs.twimg.com/profile_images/574930402214727683/gDu5VqMP_400x400.jpeg","https://pbs.twimg.com/profile_banners/221162525/1434047453","http://pbs.twimg.com/profile_background_images/194804115/2011-01-19_18-12-09_156.33.75.103.jpg",3198,2762,0.863664790494059,"2012-10-17 19:54:08","2018-02-16 16:14:05",27.9974656046343,4,181.73989176484,14.4637943519189,7,44.2918315869012
400413,"Tom Udall","Udall","","Tom","Senate","D"," Democrat"," N.M."," rank-and-file Democrat",0.292847871723,0.48120823435,"https://projects.propublica.org/represent/members/U000039-tom-udall",32,202,"7.6%","1.1%","https://twitter.com/SenatorTomUdall",60828944,"Tom Udall","SenatorTomUdall","Santa Fe and Washington","United States Senator from New Mexico.","http://t.co/ETWpVFzOcZ",TRUE,4935,143489,340,17,2014,"2009-07-28 06:10:29","en","http://t.co/ETWpVFzOcZ","http://tomudall.senate.gov","http://pbs.twimg.com/profile_images/847475846944182272/HKMEaecM_400x400.jpg","https://pbs.twimg.com/profile_banners/60828944/1447107599","http://pbs.twimg.com/profile_background_images/450688930128474112/40v9oB3O.jpeg",3202,1898,0.592754528419738,"2014-09-11 16:27:33","2018-02-17 17:40:08",125.099578503688,15,500.159947099931,67.5553213909378,8,403.699281005126
400415,"Chris Van Hollen","Van Hollen","","Chris","Senate","D"," Democrat"," Md."," moderate Democratic follower",0.18494116631,0.114613100706,"https://projects.propublica.org/represent/members/V000128-chris-van-hollen",12,259,"4.2%","1.1%","https://twitter.com/ChrisVanHollen",18137749,"Chris Van Hollen","ChrisVanHollen","Maryland, USA","U.S. Senator for Maryland","https://t.co/TrgkGknGmN",TRUE,3485,117040,482,563,1977,"2008-12-15 15:00:29","en","https://t.co/TrgkGknGmN","http://www.vanhollen.senate.gov","http://pbs.twimg.com/profile_images/943708990449618944/0XSZE4Et_400x400.jpg","https://pbs.twimg.com/profile_banners/18137749/1513832760","http://abs.twimg.com/images/themes/theme1/bg.png",3226,1951,0.604773713577185,"2012-07-11 13:57:31","2018-02-16 21:32:12",116.213736545361,15,497.562169738416,66.9538698103537,23,230.896406839576
412321,"Mark Warner","Warner","","Mark","Senate","D"," Democrat"," Va."," centrist Democrat",0.396212258046,0.548405333537,"https://projects.propublica.org/represent/members/W000805-mark-warner",28,138,"12.4%","1.9%","https://twitter.com/MarkWarner",7429102,"Mark Warner","MarkWarner","Virginia","Serving Virginia in the US Senate. Vice Chairman, Intel Committee. Dad, Husband, Budget Wonk. Previous: Serial entrepreneur, business guy, 69th Governor of Va","https://t.co/sIM9jRW0rP",TRUE,6755,371613,18011,1014,4193,"2007-07-12 14:03:33","en","https://t.co/sIM9jRW0rP","http://warner.senate.gov","http://pbs.twimg.com/profile_images/944243549922582528/DyFwGriJ_400x400.jpg","https://pbs.twimg.com/profile_banners/7429102/1473719645","http://pbs.twimg.com/profile_background_images/7703423/twitterbg.jpg",3212,1668,0.519302615193026,"2014-07-02 13:56:10","2018-02-18 23:59:09",463.026978417266,28,1990.55677683788,199.685851318945,18,877.857339736855
412542,"Elizabeth Warren","Warren","","Elizabeth","Senate","D"," Democrat"," Mass."," progressive Democrat",0.0436026871332,0.650966931595,"https://projects.propublica.org/represent/members/W000817-elizabeth-warren",46,385,"18.3%","0.0%","https://twitter.com/SenWarren",970207298,"Elizabeth Warren","SenWarren","","Official twitter account of Senator Elizabeth Warren of Massachusetts.","http://t.co/wsbNrrUt",TRUE,2859,4187757,261,8,13856,"2012-11-25 15:14:27","en","http://t.co/wsbNrrUt","http://warren.senate.gov","http://pbs.twimg.com/profile_images/722044174799777792/bXaodRhx_400x400.jpg",NA,"http://abs.twimg.com/images/themes/theme1/bg.png",2859,2259,0.790136411332634,"2013-01-23 14:20:16","2018-02-14 23:48:13",5961.89420097388,1800,13338.5786763537,2189.59141212926,713,4938.49602988045
412247,"Sheldon Whitehouse","Whitehouse","","Sheldon","Senate","D"," Democrat"," R.I."," progressive Democrat",0.0784977432454,0.489389746482,"https://projects.propublica.org/represent/members/W000802-sheldon-whitehouse",26,291,"4.5%","0.8%","https://twitter.com/SenWhitehouse",242555999,"Sheldon Whitehouse","SenWhitehouse","Rhode Island","U.S. Senator from Rhode Island, the Ocean State.","http://t.co/z6NYBzbPgY",TRUE,7872,232250,1667,68,2620,"2011-01-25 01:52:03","en","http://t.co/z6NYBzbPgY","http://whitehouse.senate.gov/","http://pbs.twimg.com/profile_images/378800000051321410/55ff7ed4f6264c8eec19a81a66be6bb0_400x400.png","https://pbs.twimg.com/profile_banners/242555999/1401396404","http://pbs.twimg.com/profile_background_images/224586505/twitter_bckrd3.jpg",3235,1564,0.483462132921175,"2017-02-22 23:08:04","2018-02-18 21:15:04",572.079283887468,163.5,4024.03295633041,302.617647058824,74,2369.89115420084
400432,"Roger Wicker","Wicker","","Roger","Senate","R"," Republican"," Miss."," rank-and-file Republican",0.813028215783,0.628986517004,"https://projects.propublica.org/represent/members/W000437-roger-wicker",33,171,"1.1%","0.3%","https://twitter.com/SenatorWicker",264219447,"Senator Roger Wicker","SenatorWicker","Mississippi & Washington, DC","U.S. Senator for Mississippi. Please visit my website for updates.","https://t.co/iD8pcNybj9",TRUE,3874,57175,308,460,1556,"2011-03-11 14:59:01","en","https://t.co/iD8pcNybj9","http://wicker.senate.gov","http://pbs.twimg.com/profile_images/694231794602872832/UdbuYlbe_400x400.jpg","https://pbs.twimg.com/profile_banners/264219447/1402419137","http://pbs.twimg.com/profile_background_images/344918034408689250/3fa9dbbeddc76d097210a3b6b7bd0b4e.jpeg",3210,2719,0.847040498442368,"2013-01-15 16:57:45","2018-02-16 16:09:25",13.8881941890401,4,164.202216555215,7.25597646193453,4,38.1888333230392
300100,"Ron Wyden","Wyden","","Ron","Senate","D"," Democrat"," Ore."," moderate Democratic leader",0.189800553352,0.824839964323,"https://projects.propublica.org/represent/members/W000779-ron-wyden",54,249,"10.3%","0.3%","https://twitter.com/RonWyden",250188760,"Ron Wyden","RonWyden","Oregon","U.S. Senator from Oregon. @SenateFinance Ranking Member. Follow @WydenPress for updates from my staff. Instagram: https://t.co/a6CyBjcD79","https://t.co/PeDrcHcuFw",TRUE,5992,391157,398,59,3441,"2011-02-10 16:08:15","en","https://t.co/PeDrcHcuFw","http://wyden.senate.gov","http://pbs.twimg.com/profile_images/847448688448294912/zobeO8dK_400x400.jpg","https://pbs.twimg.com/profile_banners/250188760/1398198071","http://pbs.twimg.com/profile_background_images/537502357/bg.jpg",3238,2118,0.654107473749228,"2015-11-22 20:57:05","2018-02-17 16:33:28",589.859301227573,172,2123.25707233386,350.90179414542,69,2857.16971348314
412428,"Todd Young","Young","","Todd","Senate","R"," Republican"," Ind."," centrist Republican follower ",0.612677952609,0.244408562143,"https://projects.propublica.org/represent/members/Y000064-todd-young",19,121,"1.1%","0.6%","https://twitter.com/SenToddYoung",234128524,"Senator Todd Young","SenToddYoung","Indiana","I proudly serve Hoosier families in the U.S. Senate. Contact my office at (202) 224-5623 for assistance. You can also visit our website for additional info.","https://t.co/IhAAMvhCKv",TRUE,3671,33977,507,188,1224,"2011-01-04 22:35:16","en","https://t.co/IhAAMvhCKv","http://Young.Senate.Gov","http://pbs.twimg.com/profile_images/839534166727360514/sm9KrCLP_400x400.jpg","https://pbs.twimg.com/profile_banners/234128524/1489001889","http://pbs.twimg.com/profile_background_images/714833883624312833/3Z3lVir2.jpg",3204,2337,0.72940074906367,"2011-08-01 14:53:44","2018-02-18 19:35:16",10.8121523320496,1,68.6578103404905,5.07744972186564,2,22.343969850919
