full_name,chamber,party,state,screen_name,alt_name1,alt_name2
Bernard Sanders ,Senate,ID, Vt.,SenSanders,BernieSanders,
Sheila Jackson Lee,House,D,Texas,JacksonLeeTX18,,
Edward J. Markey,Senate,D, Mass.,SenMarkey,,
Jeff Merkley,Senate,D, Ore.,SenJeffMerkley,JeffMerkley,
Eleanor Holmes Norton,House,D,D.C.,EleanorNorton,,
Raul M. Grijalva,House,D,Ariz.,RepRaulGrijalva,,
Kirsten E. Gillibrand,Senate,D, N.Y.,SenGillibrand,,
Richard Blumenthal,Senate,D, Conn.,SenBlumenthal,,
Elizabeth Warren,Senate,D, Mass.,SenWarren,elizabethforma,
Jack Reed,Senate,D, R.I.,SenJackReed,,
Sherrod Brown,Senate,D, Ohio,SenSherrodBrown,SherrodBrown,
Richard J. Durbin,Senate,D, Ill.,SenatorDurbin,,
Sheldon Whitehouse,Senate,D, R.I.,SenWhitehouse,,
Keith Ellison,House,D,Minn.,keithellison,EllisonCampaign,
Jim McGovern,House,D,Mass.,RepMcGovern,,
Brian Schatz,Senate,D, Hawaii,SenBrianSchatz,brianschatz,SchatzforHawaii
Mazie K. Hirono,Senate,D, Hawaii,maziehirono,,
Jan Schakowsky,House,D,Ill.,janschakowsky,,
Christopher S. Murphy,Senate,D, Conn.,ChrisMurphyCT,,
Patty Murray,Senate,D, Wash.,PattyMurray,MurrayCampaign,
Robert Menendez,Senate,D, N.J.,SenatorMenendez,,
Yvette D. Clarke,House,D,N.Y.,RepYvetteClarke,,
Gwen Moore,House,D,Wis.,RepGwenMoore,,
Charles E. Schumer,Senate,D, N.Y.,SenSchumer,,
Mark Takano,House,D,Calif.,RepMarkTakano,,
Dianne Feinstein,Senate,D, Calif.,SenFeinstein,DianneFeinstein,
Judy Chu,House,D,Calif.,RepJudyChu,,
Barbara Lee,House,D,Calif.,RepBarbaraLee,,
Jerrold Nadler,House,D,N.Y.,RepJerryNadler,,
Tammy Baldwin,Senate,D, Wis.,SenatorBaldwin,tammybaldwin,
Jose E. Serrano,House,D,N.Y.,RepJoseSerrano,,
Louise M. Slaughter,House,D,N.Y.,louiseslaughter,,
Mark Pocan,House,D,Wis.,repmarkpocan,,
Alcee L. Hastings,House,D,Fla.,RepHastingsFL,,
Steve Cohen,House,D,Tenn.,RepCohen,,
Benjamin L. Cardin,Senate,D, Md.,SenatorCardin,,
Frederica Wilson,House,D,Fla.,RepJoeWilson,,
Patrick J. Leahy,Senate,D, Vt.,SenatorLeahy,,
Debbie Stabenow,Senate,D, Mich.,SenStabenow,stabenow,TeamStabenow
Chris Van Hollen,Senate,D, Md.,ChrisVanHollen,VanHollenForMD,
Ron Wyden,Senate,D, Ore.,RonWyden,WydenForOregon,
Bonnie Watson Coleman,House,D,N.J.,RepBonnie,,
Cory Booker,Senate,D, N.J.,CoryBooker,SenBooker,
Betty McCollum,House,D,Minn.,BettyMcCollum04,,
Alan Lowenthal,House,D,Calif.,RepLowenthal,,
John Lewis,House,D,Ga.,repjohnlewis,,
Grace F. Napolitano,House,D,Calif.,gracenapolitano,,
Jared Huffman,House,D,Calif.,RepHuffman,,
David Cicilline,House,D,R.I.,RepCicilline,davidcicilline,
Zoe Lofgren,House,D,Calif.,RepZoeLofgren,,
Elijah E. Cummings,House,D,Md.,RepCummings,,
Gregory W. Meeks,House,D,N.Y.,RepGregoryMeeks,,
Mark DeSaulnier,House,D,Calif.,RepDeSaulnier,,
Rosa DeLauro,House,D,Conn.,rosadelauro,,
Donald M. Payne Jr.,House,D,N.J.,RepDonaldPayne,,
Jeanne Shaheen,Senate,D, N.H.,SenatorShaheen,JeanneShaheen,
Katherine Clark,House,D,Mass.,RepKClark,,
Amy Klobuchar,Senate,D, Minn.,amyklobuchar,,
Earl Blumenauer,House,D,Ore.,BlumenauerMedia,repblumenauer,
Robert C. Scott,House,D,Va.,repdavidscott,,
Paul Tonko,House,D,N.Y.,RepPaulTonko,PaulTonko,
Hank Johnson,House,D,Ga.,RepHankJohnson,HankStaffers,
Lucille Roybal-Allard,House,D,Calif.,RepRoybalAllard,,
Nydia M. Velazquez,House,D,N.Y.,NydiaVelazquez,,
Maxine Waters,House,D,Calif.,MaxineWaters,RepMaxineWaters,
Kamala Harris,Senate,D, Calif.,SenKamalaHarris,KamalaHarris,
Bobby L. Rush,House,D,Ill.,RepBobbyRush,,
Martin Heinrich,Senate,D, N.M.,MartinHeinrich,,
Maria Cantwell,Senate,D, Wash.,SenatorCantwell,,
Hakeem Jeffries,House,D,N.Y.,RepJeffries,,
Bob Casey,Senate,D, Pa.,SenBobCasey,Bob_Casey,
Christopher A. Coons,Senate,D, Del.,SenCoonsOffice,ChrisCoons,
Matt Cartwright,House,D,Pa.,RepCartwright,,
Jackie Speier,House,D,Calif.,RepSpeier,JackieSpeier,
Karen Bass,House,D,Calif.,RepKarenBass,,
Tim Kaine,Senate,D, Va.,timkaine,,
Al Green,House,D,Texas,RepAlGreen,,
Adam Smith,House,D,Wash.,RepAdamSmith,,
Tammy Duckworth,Senate,D, Ill.,SenDuckworth,TammyforIL,
Andre Carson,House,D,Ind.,RepAndreCarson,,
Frank Pallone,House,D,N.J.,FrankPallone,pallonefornj,
Carolyn B. Maloney,House,D,N.Y.,RepMaloney,CarolynBMaloney,
Robin Kelly,House,D,Ill.,RepRobinKelly,,
Sander M. Levin,House,D,Mich.,repsandylevin,,
Suzanne Bonamici,House,D,Ore.,RepBonamici,,
Adam B. Schiff,House,D,Calif.,RepAdamSchiff,,
Grace Meng,House,D,N.Y.,RepGraceMeng,,
Chellie Pingree,House,D,Maine,chelliepingree,,
Margaret Hassan,Senate,D, N.H.,SenatorHassan,,
Danny K. Davis,House,D,Ill.,RepDannyDavis,,
Ted Lieu,House,D,Calif.,RepTedLieu,,
Marcy Kaptur,House,D,Ohio,RepMarcyKaptur,,
Niki Tsongas,House,D,Mass.,nikiinthehouse,,
Dwight Evans,House,D,Pa.,RepDwightEvans,,
Mike Quigley,House,D,Ill.,RepMikeQuigley,,
Jerry McNerney,House,D,Calif.,RepMcNerney,,
Jim Langevin,House,D,R.I.,JimLangevin,,
Jamie Raskin,House,D,Md.,RepRaskin,jamie_raskin,
Debbie Wasserman Schultz,House,D,Fla.,RepDWStweets,DWStweets,
Marcia L. Fudge,House,D,Ohio,RepMarciaFudge,mlfudge,
Eric Swalwell,House,D,Calif.,RepSwalwell,ericswalwell,
Pramila Jayapal,House,D,Wash.,RepJayapal,PramilaJayapal,
Carol Shea-Porter,House,D,N.H.,RepSheaPorter,,
William Lacy Clay,House,D,Mo.,LacyClayMO1,,
Susan A. Davis,House,D,Calif.,RepSusanDavis,,
Michael E. Capuano,House,D,Mass.,RepMikeCapuano,,
Brenda Lawrence,House,D,Mich.,RepLawrence,,
Donald Beyer,House,D,Va.,RepDonBeyer,,
John Garamendi,House,D,Calif.,RepGaramendi,,
Tom Udall,Senate,D, N.M.,SenatorTomUdall,TomUdallPress,
Kathy Castor,House,D,Fla.,USRepKCastor,,
John Yarmuth,House,D,Ky.,RepJohnYarmuth,,
Ro Khanna,House,D,Calif.,RepRoKhanna,RoKhanna,
Tony Cardenas,House,D,Calif.,RepCardenas,,
Michelle Lujan Grisham,House,D,N.M.,RepLujanGrisham,,
Catherine Cortez Masto,Senate,D, Nev.,SenCortezMasto,CatherineForNV,
Joseph Crowley,House,D,N.Y.,repjoecrowley,,
Anna G. Eshoo,House,D,Calif.,RepAnnaEshoo,,
Debbie Dingell,House,D,Mich.,RepDebDingell,DebDingell,
Juan Vargas,House,D,Calif.,RepJuanVargas,,
Eddie Bernice Johnson,House,D,Texas,RepEBJ,,
Doris Matsui,House,D,Calif.,DorisMatsui,,
Bill Keating,House,D,Mass.,USRepKeating,,
Ted Deutch,House,D,Fla.,RepTedDeutch,,
Nita M. Lowey,House,D,N.Y.,NitaLowey,,
Ruben Gallego,House,D,Ariz.,RepRubenGallego,RubenGallego,
Eliot L. Engel,House,D,N.Y.,RepEliotEngel,,
Dina Titus,House,D,Nev.,repdinatitus,,
Alma Adams,House,D,N.C.,RepAdams,,
Julia Brownley,House,D,Calif.,JuliaBrownley26,,
Jared Polis,House,D,Colo.,jaredpolis,RepJaredPolis,
Nanette Barragan,House,D,Calif.,RepBarragan,,
Gerald E. Connolly,House,D,Va.,GerryConnolly,,
John Sarbanes,House,D,Md.,RepSarbanes,,
Rick Larsen,House,D,Wash.,RepRickLarsen,,
Thomas R. Carper,Senate,D, Del.,SenatorCarper,,
Marc Veasey,House,D,Texas,RepVeasey,,
Stephen F. Lynch,House,D,Mass.,RepStephenLynch,,
David E. Price,House,D,N.C.,RepDavidEPrice,,
Lloyd Doggett,House,D,Texas,RepLloydDoggett,,
Darren Soto,House,D,Fla.,RepDarrenSoto,DarrenSoto,
Dan Kildee,House,D,Mich.,RepDanKildee,dankildee,
Joseph P. Kennedy III,House,D,Mass.,RepJoeKennedy,,
G. K. Butterfield,House,D,N.C.,GKButterfield,,
Linda T. Sanchez,House,D,Calif.,RepLindaSanchez,,
Brian Higgins,House,D,N.Y.,RepBrianHiggins,,
Joyce Beatty,House,D,Ohio,RepBeatty,,
Gary Peters,Senate,D, Mich.,SenGaryPeters,Peters4Michigan,
Colleen Hanabusa,House,D,Hawaii,RepHanabusa,,
Cedric Richmond,House,D,La.,RepRichmond,CedricRichmond,
Peter Welch,House,D,Vt.,PeterWelch,,
Lois Frankel,House,D,Fla.,RepLoisFrankel,,
Beto O'Rourke,House,D,Texas,RepBetoORourke,BetoORourke,
Sean Patrick Maloney,House,D,N.Y.,RepSeanMaloney,,
Albio Sires,House,D,N.J.,RepSires,,
Diana DeGette,House,D,Colo.,RepDianaDeGette,,
Tim Ryan,House,D,Ohio,RepTimRyan,TimRyan,
Bill Pascrell Jr.,House,D,N.J.,BillPascrell,,
Norma Torres,House,D,Calif.,NormaJTorres,,
Bill Foster,House,D,Ill.,RepBillFoster,,
Gregorio Kilili Camacho Sablan,House,D,Northern Marina Islands,Kilili_Sablan,,
Adriano Espaillat,House,D,N.Y.,RepEspaillat,EspaillatNY,
Michael Bennet,Senate,D, Colo.,SenBennetCO,BennetForCO,
Peter A. DeFazio,House,D,Ore.,RepPeterDeFazio,,
James E. Clyburn,House,D,S.C.,Clyburn,,
Jim Himes,House,D,Conn.,jahimes,,
Pete Aguilar,House,D,Calif.,RepPeteAguilar,,
Elizabeth Esty,House,D,Conn.,RepEsty,,
Emanuel Cleaver II,House,D,Mo.,repcleaver,,
Suzan K. DelBene,House,D,Wash.,RepDelBene,,
Donald W. Norcross,House,D,N.J.,DonaldNorcross,,
Tina Smith,Senate,D, Minn.,SenTinaSmith,TinaSmithMN,
Stacey Plaskett,House,D,Virgin Islands,StaceyPlaskett,,
Scott Peters,House,D,Calif.,RepScottPeters,ScottPetersSD,
Ben Ray Lujan,House,D,N.M.,repbenraylujan,ChairmanDCCC,
Joaquin Castro,House,D,Texas,JoaquinCastrotx,,
Kathleen Rice,House,D,N.Y.,RepKathleenRice,,
Seth Moulton,House,D,Mass.,teammoulton,sethmoulton,
Denny Heck,House,D,Wash.,RepDennyHeck,,
Ann McLane Kuster,House,D,N.H.,RepAnnieKuster,,
Brendan Boyle,House,D,Pa.,RepBrendanBoyle,CongBoyle,
Steny H. Hoyer,House,D,Md.,WhipHoyer,,
Ed Perlmutter,House,D,Colo.,RepPerlmutter,,
Rick Nolan,House,D,Minn.,USRepRickNolan,,
Robert A. Brady,House,D,Pa.,RepBrady,,
Mike Doyle,House,D,Pa.,USRepMikeDoyle,,
Salud Carbajal,House,D,Calif.,RepCarbajal,carbajalsalud,
John B. Larson,House,D,Conn.,RepJohnLarson,,
Terri Sewell,House,D,Ala.,RepTerriSewell,,
Joe Courtney,House,D,Conn.,RepJoeCourtney,,
Bennie Thompson,House,D,Miss.,BennieGThompson,,
Lisa Blunt Rochester,House,D,Del.,RepBRochester,,
Nancy Pelosi,House,D,Calif.,NancyPelosi,TeamPelosi,
Raul Ruiz,House,D,Calif.,CongressmanRuiz,Dr_RaulRuiz,
A. Donald McEachin,House,D,Va.,RepMcEachin,,
Tulsi Gabbard,House,D,Hawaii,TulsiPress,TulsiGabbard,
Mark Warner,Senate,D, Va.,MarkWarner,MarkWarnerVA,
Val Demings,House,D,Fla.,RepValDemings,,
Claire McCaskill,Senate,D, Mo.,McCaskillOffice,clairecmc,McCaskill4MO
Anthony Brown,House,D,Md.,RepAnthonyBrown,AnthonyBrownMD4,
Jimmy Panetta,House,D,Calif.,RepJimmyPanetta,,
Angus King ,Senate,ID, Maine,SenAngusKing,,
Brad Sherman,House,D,Calif.,BradSherman,,
Mike Thompson,House,D,Calif.,RepThompson,,
Derek Kilmer,House,D,Wash.,RepDerekKilmer,,
Ruben Kihuen,House,D,Nev.,RepKihuen,,
John Delaney,House,D,Md.,RepJohnDelaney,JohnKDelaney,
Al Lawson,House,D,Fla.,RepAlLawsonJr,,
Susan Collins,Senate,R, Maine,SenatorCollins,,
Jimmy Gomez,House,D,Calif.,RepJimmyGomez,JimmyGomezCA,
Raja Krishnamoorthi,House,D,Ill.,CongressmanRaja,,
Charlie Crist,House,D,Fla.,RepCharlieCrist,CharlieCrist,
Cheri Bustos,House,D,Ill.,RepCheri,CheriBustos,
Peter J. Visclosky,House,D,Ind.,RepVisclosky,,
Filemon Vela,House,D,Texas,RepFilemonVela,,
Sanford D. Bishop Jr.,House,D,Ga.,SanfordBishop,,
Dave Loebsack,House,D,Iowa,daveloebsack,,
Bill Nelson,Senate,D, Fla.,SenBillNelson,,
Jacky Rosen,House,D,Nev.,RepJackyRosen,RosenforNevada,
Ami Bera,House,D,Calif.,RepBera,BeraForCongress,
Jon Tester,Senate,D, Mont.,SenatorTester,jontester,
Thomas Suozzi,House,D,N.Y.,RepTomSuozzi,,
J. Luis Correa,House,D,Calif.,RepLouCorrea,,
Brad Schneider,House,D,Ill.,RepSchneider,Schneider4IL10,
Tim Walz,House,D,Minn.,RepTimWalz,Tim_Walz,
Richard E. Neal,House,D,Mass.,RepRichardNeal,,
C.A. Dutch Ruppersberger,House,D,Md.,Call_Me_Dutch,,
David Scott,House,D,Ga.,BobbyScott,,
Gene Green,House,D,Texas,RepGeneGreen,GeneGreen29,
Doug Jones,Senate,D, Ala.,SenDougJones,DougJones,
Vicente Gonzalez,House,D,Texas,RepGonzalez,,
Stephanie Murphy,House,D,Fla.,RepStephMurphy,SMurphyCongress,
Tom O'Halleran,House,D,Ariz.,RepOHalleran,TomOHalleran,
Jim Cooper,House,D,Tenn.,repjimcooper,,
Daniel Lipinski,House,D,Ill.,RepLipinski,,
Jim Costa,House,D,Calif.,RepJimCosta,,
Heidi Heitkamp,Senate,D, N.D.,SenatorHeitkamp,HeidiHeitkamp,
Ron Kind,House,D,Wis.,RepRonKind,,
Josh Gottheimer,House,D,N.J.,RepJoshG,JoshGottheimer,
Kurt Schrader,House,D,Ore.,RepSchrader,,
Kevin McCarthy,House,R,Calif.,GOPLeader,kevinomccarthy,
John Curtis,House,R,Utah,RepJohnCurtis,CurtisUT,
Jenniffer Gonzalez-Colon,House,R,Puerto Rico,RepJenniffer,,
Kyrsten Sinema,House,D,Ariz.,RepSinema,kyrstensinema,
Ileana Ros-Lehtinen,House,R,Fla.,RosLehtinen,,
Scott Taylor,House,R,Va.,RepScottTaylor,Scotttaylorva,
Joe Donnelly,Senate,D, Ind.,SenDonnelly,,
Amata Coleman Radewagen,House,R,American Samoa,RepAmata,,
John Faso,House,R,N.Y.,RepJohnFaso,,
Brian Fitzpatrick,House,R,Pa.,RepBrianFitz,,
Karen Handel,House,R,Ga.,RepKHandel,karenhandel,
Brian Mast,House,R,Fla.,RepBrianMast,BrianMastFL,
Lisa Murkowski,Senate,R, Alaska,lisamurkowski,LisaForSenate,
Joe Manchin III,Senate,D, W.Va.,Sen_JoeManchin,,
Jason Lewis,House,R,Minn.,RepJasonLewis,Jason2CD,
Liz Cheney,House,R,Wyo.,RepLizCheney,Liz_Cheney,
Henry Cuellar,House,D,Texas,RepCuellar,,
Paul D. Ryan,House,R,Wis.,SpeakerRyan,,
Justin Amash,House,R,Mich.,justinamash,amasharchive,
Ron Estes,House,R,Kansas,RepRonEstes,,
Daniel M. Donovan,House,R,N.Y.,RepDanDonovan,,
Trey Hollingsworth,House,R,Ind.,RepTrey,VoteForTrey,
Jack Bergman,House,R,Mich.,RepJackBergman,,
David Kustoff,House,R,Tenn.,RepDavidKustoff,,
John Rutherford,House,R,Fla.,RepRutherfordFL,,
John Katko,House,R,N.Y.,RepJohnKatko,,
Frank A. LoBiondo,House,R,N.J.,RepLoBiondo,,
Claudia Tenney,House,R,N.Y.,RepTenney,claudiatenney,
Todd Young,Senate,R, Ind.,SenToddYoung,ToddYoungIN,
Clay Higgins,House,R,La.,RepClayHiggins,,
James Comer,House,R,Ky.,KYComer,,
Rob Portman,Senate,R, Ohio,senrobportman,robportman,
Peter T. King,House,R,N.Y.,RepPeteKing,,
Tom MacArthur,House,R,N.J.,RepTomMacArthur,tmac4congress,
Mike Johnson,House,R,La.,RepMikeJohnson,,
Dave Reichert,House,R,Wash.,davereichert,,
Ryan Costello,House,R,Pa.,RepRyanCostello,,
Fred Upton,House,R,Mich.,RepFredUpton,,
Rodney Frelinghuysen,House,R,N.J.,USRepRodney,,
Warren Davidson,House,R,Ohio,WarrenDavidson,,
Mike Gallagher,House,R,Wis.,RepGallagher,,
Lloyd Smucker,House,R,Pa.,RepSmucker,,
Charlie Dent,House,R,Pa.,RepCharlieDent,,
Elise Stefanik,House,R,N.Y.,RepStefanik,EliseStefanik,
Neal Dunn,House,R,Fla.,DrNealDunnFL2,,
Francis Rooney,House,R,Fla.,RepRooney,FrancisRooney,
Don Bacon,House,R,Neb.,RepDonBacon,DonJBacon,
Will Hurd,House,R,Texas,HurdOnTheHill,,
Jodey Arrington,House,R,Texas,RepArrington,,
Carlos Curbelo,House,R,Fla.,RepCurbelo,carloslcurbelo,
Paul Mitchell,House,R,Mich.,RepPaulMitchell,,
Garret Graves,House,R,La.,RepGarretGraves,garretgraves,
Thomas Garrett,House,R,Va.,RepTomGarrett,,
Mario Diaz-Balart,House,R,Fla.,MarioDB,,
Edward Royce,House,R,Calif.,RepEdRoyce,,
A. Drew Ferguson,House,R,Ga.,RepDrewFerguson,,
Matt Gaetz,House,R,Fla.,RepMattGaetz,mattgaetz,
Ted Budd,House,R,N.C.,RepTedBudd,,
Christopher H. Smith,House,R,N.J.,RepChrisSmith,,
Harold Rogers,House,R,Ky.,RepHalRogers,,
Darrell Issa,House,R,Calif.,DarrellIssa,TeamIssa,
Roger Marshall,House,R,Kan.,RogerMarshallMD,RepMarshall,
John Kennedy,Senate,R, La.,SenJohnKennedy,JohnKennedyLA,
Jaime Herrera Beutler,House,R,Wash.,HerreraBeutler,,
Mimi Walters,House,R,Calif.,RepMimiWalters,MimiWaltersCA,
Ralph Norman,House,R,S.C.,RepRalphNorman,RalphNorman,
Darin M. LaHood,House,R,Ill.,RepLaHood,,
Martha McSally,House,R,Ariz.,RepMcSally,,
Dean Heller,Senate,R, Nev.,SenDeanHeller,DeanHeller,
Pat Meehan,House,R,Pa.,RepMeehan,,
Jeffrey Denham,House,R,Calif.,RepJeffDenham,,
Lamar Alexander,Senate,R, Tenn.,SenAlexander,,
Bob Corker,Senate,R, Tenn.,SenBobCorker,BobCorker,
Steve Knight,House,R,Calif.,SteveKnight25,,
Andy Biggs,House,R,Ariz.,RepAndyBiggsAZ,andybiggs4az,
Greg Walden,House,R,Ore.,repgregwalden,,
Lee Zeldin,House,R,N.Y.,RepLeeZeldin,leezeldin,
Richard C. Shelby,Senate,R, Ala.,SenShelby,,
Evan Jenkins,House,R,W.Va.,RepEvanJenkins,,
Jim Banks,House,R,Ind.,RepJimBanks,Jim_Banks,
Virginia Foxx,House,R,N.C.,virginiafoxx,foxxforcongress,
Vern Buchanan,House,R,Fla.,VernBuchanan,,
Barbara Comstock,House,R,Va.,RepComstock,BarbaraComstock,
Tom Reed,House,R,N.Y.,RepTomReed,TomReedCongress,
Rob Woodall,House,R,Ga.,RepRobWoodall,,
Dana Rohrabacher,House,R,Calif.,DanaRohrabacher,RepRohrabacher,
Kay Granger,House,R,Texas,RepKayGranger,,
Leonard Lance,House,R,N.J.,RepLanceNJ7,,
Dave Trott,House,R,Mich.,repdavetrott,,
Mia Love,House,R,Utah,RepMiaLove,,
Lindsey Graham,Senate,R, S.C.,GrahamBlog,LindseyGrahamSC,
Richard M. Burr,Senate,R, N.C.,SenatorBurr,,
Mark Sanford,House,R,S.C.,RepSanfordSC,MarkSanford,
Steve Russell,House,R,Okla.,RepRussell,,
Gary Palmer,House,R,Ala.,USRepGaryPalmer,,
Mike Simpson,House,R,Idaho,CongMikeSimpson,,
Mike Bost,House,R,Ill.,RepBost,,
Bruce Poliquin,House,R,Maine,RepPoliquin,,
Cathy McMorris Rodgers,House,R,Wash.,cathymcmorris,,
Dan Sullivan,Senate,R, Alaska,SenDanSullivan,DanSullivan2014,
William M. Thornberry,House,R,Texas,MacTXPress,,
Ken Buck,House,R,Colo.,RepKenBuck,,
Shelley Moore Capito,Senate,R, W.Va.,SenCapito,CapitoforWV,
Devin Nunes,House,R,Calif.,DevinNunes,,
Thad Cochran,Senate,R, Miss.,SenThadCochran,,
Adam Kinzinger,House,R,Ill.,RepKinzinger,AdamKinzinger,
Don Young,House,R,Alaska,repdonyoung,,
Erik Paulsen,House,R,Minn.,RepErikPaulsen,,
Cory Gardner,Senate,R, Colo.,SenCoryGardner,CoryGardner,
Michael R. Turner,House,R,Ohio,RepMikeTurner,,
Bill Shuster,House,R,Pa.,RepBillShuster,,
Patrick J. Toomey,Senate,R, Pa.,SenToomey,,
Trent Kelly,House,R,Miss.,RepTrentKelly,,
John Moolenaar,House,R,Mich.,RepMoolenaar,,
Steve Scalise,House,R,La.,SteveScalise,GeauxScalise,
John McCain,Senate,R, Ariz.,SenJohnMcCain,TeamMcCain,
Trey Gowdy,House,R,S.C.,TGowdySC,,
Thomas Massie,House,R,Ky.,RepThomasMassie,,
Ben Sasse,Senate,R, Neb.,SenSasse,BenSasse,
Adrian Smith,House,R,Neb.,RepAdrianSmith,,
Patrick T. McHenry,House,R,N.C.,PatrickMcHenry,,
Mark Walker,House,R,N.C.,RepMarkWalker,,
David Young,House,R,Iowa,RepDavidYoung,DavidYoungIA,
Jeff Fortenberry,House,R,Neb.,JeffFortenberry,,
Tom Marino,House,R,Pa.,RepTomMarino,,
French Hill,House,R,Ark.,RepFrenchHill,,
John Shimkus,House,R,Ill.,RepShimkus,,
Bill Cassidy,Senate,R, La.,BillCassidy,,
Paul Cook,House,R,Calif.,RepPaulCook,,
Charles E. Grassley,Senate,R, Iowa,ChuckGrassley,,
John Hoeven,Senate,R, N.D.,SenJohnHoeven,,
Peter Roskam,House,R,Ill.,PeterRoskam,,
Susan Brooks,House,R,Ind.,SusanWBrooks,,
Tom Rooney,House,R,Fla.,TomRooney,,
Joe L. Barton,House,R,Texas,RepJoeBarton,,
Rand Paul,Senate,R, Ky.,RandPaul,DrRandPaul,
Rod Blum,House,R,Iowa,RepRodBlum,,
Duncan D. Hunter,House,R,Calif.,Rep_Hunter,,
Morgan Griffith,House,R,Va.,RepMGriffith,,
Raul Labrador,House,R,Idaho,Raul_Labrador,,
Daniel Webster,House,R,Fla.,RepWebster,,
Martha Roby,House,R,Ala.,RepMarthaRoby,,
Sean Duffy,House,R,Wis.,RepSeanDuffy,Duffy4Wisconsin,
David Valadao,House,R,Calif.,RepDavidValadao,,
Mike Coffman,House,R,Colo.,RepMikeCoffman,MiRepCoffmanCO,
George Holding,House,R,N.C.,RepHolding,,
Jerry Moran,Senate,R, Kan.,JerryMoran,,
Johnny Isakson,Senate,R, Ga.,SenatorIsakson,JohnnyIsakson,
Robert B. Aderholt,House,R,Ala.,Robert_Aderholt,,
Kevin Brady,House,R,Texas,RepKevinBrady,,
Thom Tillis,Senate,R, N.C.,SenThomTillis,ThomTillis,
Dan Newhouse,House,R,Wash.,RepNewhouse,,
Tom Rice,House,R,S.C.,RepTomRice,,
Frank D. Lucas,House,R,Okla.,RepFrankLucas,,
Joni Ernst,Senate,R, Iowa,SenJoniErnst,joniernst,
Gus Bilirakis,House,R,Fla.,RepGusBilirakis,,
Alex Mooney,House,R,W.Va.,RepAlexMooney,,
Rodney Davis,House,R,Ill.,RodneyDavis,,
Ken Calvert,House,R,Calif.,KenCalvert,,
Dave Joyce,House,R,Ohio,RepDaveJoyce,DaveJoyceOH14,
Tom Emmer,House,R,Minn.,RepTomEmmer,tomemmer,
Marco Rubio,Senate,R, Fla.,SenRubioPress,marcorubio,
F. James Sensenbrenner,House,R,Wis.,JimPressOffice,,
Kevin Yoder,House,R,Kan.,RepKevinYoder,KevinYoder,
John Ratcliffe,House,R,Texas,RepRatcliffe,,
Mitch McConnell,Senate,R, Ky.,McConnellPress,SenateMajLdr,Team_Mitch
Mike D. Rogers,House,R,Ala.,RepMikeRogersAL,,
Barry Loudermilk,House,R,Ga.,RepLoudermilk,,
David McKinley,House,R,W.Va.,RepMcKinley,,
John Carter,House,R,Texas,JudgeCarter,,
Chris Collins,House,R,N.Y.,RepChrisCollins,CollinsNY27,
Walter B. Jones,House,R,N.C.,RepWalterJones,,
Jim Jordan,House,R,Ohio,Jim_Jordan,,
Glenn Thompson,House,R,Pa.,CongressmanGT,,
Steve Womack,House,R,Ark.,rep_stevewomack,,
Roy Blunt,Senate,R, Mo.,RoyBlunt,RoyBluntMO,
Randy Hultgren,House,R,Ill.,RepHultgren,,
Jackie Walorski,House,R,Ind.,RepWalorski,,
Michael McCaul,House,R,Texas,RepMcCaul,,
Robert W. Goodlatte,House,R,Va.,RepGoodlatte,,
Orrin G. Hatch,Senate,R, Utah,senorrinhatch,,
Mark Amodei,House,R,Nev.,MarkAmodeiNV2,,
Roger Wicker,Senate,R, Miss.,SenatorWicker,RogerWicker,
Chuck Fleischmann,House,R,Tenn.,RepChuck,,
Jim Renacci,House,R,Ohio,RepJimRenacci,,
Sam Graves,House,R,Mo.,RepSamGraves,,
Tom Graves,House,R,Ga.,RepTomGraves,,
Ron DeSantis,House,R,Fla.,RepDeSantis,RonDeSantisFL,
Mike Bishop,House,R,Mich.,RepMikeBishop,,
Doug Collins,House,R,Ga.,RepDougCollins,,
Steve Daines,Senate,R, Mont.,SteveDaines,,
Bruce Westerman,House,R,Ark.,RepWesterman,WestermanAR,
Kristi Noem,House,R,S.D.,RepKristiNoem,,
David A. Brat,House,R,Va.,RepDaveBrat,,
Gregg Harper,House,R,Miss.,GreggHarper,,
Larry Bucshon,House,R,Ind.,RepLarryBucshon,,
Robert J. Wittman,House,R,Va.,RobWittman,,
Jeff Flake,Senate,R, Ariz.,JeffFlake,FlakeforSenate,
Michael C. Burgess,House,R,Texas,michaelcburgess,,
Scott Perry,House,R,Pa.,RepScottPerry,,
Tom Cole,House,R,Okla.,TomColeOK04,,
Michael D. Crapo,Senate,R, Idaho,MikeCrapo,,
Brad Wenstrup,House,R,Ohio,RepBradWenstrup,,
Brett Guthrie,House,R,Ky.,RepGuthrie,brettguthrie,
Ted Poe,House,R,Texas,JudgeTedPoe,,
Scott Tipton,House,R,Colo.,RepTipton,,
Ralph Abraham,House,R,La.,RepAbraham,,
Rick Crawford,House,R,Ark.,RepRickCrawford,,
Buddy Carter,House,R,Ga.,RepBuddyCarter,,
K. Michael Conaway,House,R,Texas,ConawayTX11,,
Steve Stivers,House,R,Ohio,RepSteveStivers,,
Markwayne Mullin,House,R,Okla.,RepMullin,,
Ron Johnson,Senate,R, Wis.,SenRonJohnson,RonJohnsonWI,
Dennis Ross,House,R,Fla.,RepDennisRoss,,
Keith Rothfus,House,R,Pa.,KeithRothfus,,
Lou Barletta,House,R,Pa.,RepLouBarletta,louforsenate,
John Thune,Senate,R, S.D.,SenJohnThune,johnthune,
Ann Wagner,House,R,Mo.,RepAnnWagner,AnnLWagner,
Jim Bridenstine,House,R,Okla.,RepJBridenstine,,
Mike Rounds,Senate,R, S.D.,SenatorRounds,,
John J. Duncan Jr.,House,R,Tenn.,RepJohnDuncanJr,,
John Culberson,House,R,Texas,CongCulberson,johnculberson,
Roger Williams,House,R,Texas,RepRWilliams,,
Jason Smith,House,R,Mo.,RepJasonSmith,,
Jody Hice,House,R,Ga.,CongressmanHice,,
David Perdue,Senate,R, Ga.,sendavidperdue,Perduesenate,
David Schweikert,House,R,Ariz.,RepDavid,,
Rick Allen,House,R,Ga.,RepRickAllen,,
Sam Johnson,House,R,Texas,SamsPressShop,,
Bill Posey,House,R,Fla.,congbillposey,,
John Boozman,Senate,R, Ark.,JohnBoozman,Boozman4AR,
Bill Huizenga,House,R,Mich.,RepHuizenga,,
Chris Stewart,House,R,Utah,RepChrisStewart,,
Deb Fischer,Senate,R, Neb.,SenatorFischer,,
Bradley Byrne,House,R,Ala.,RepByrne,,
Tom McClintock,House,R,Calif.,RepMcClintock,,
James Lankford,Senate,R, Okla.,SenatorLankford,,
Tom Cotton,Senate,R, Ark.,SenTomCotton,TomCottonAR,
Mike Kelly,House,R,Pa.,MikeKellyPA,,
Tim Scott,Senate,R, S.C.,SenatorTimScott,votetimscott,
Bob Gibbs,House,R,Ohio,RepBobGibbs,,
Mike Lee,Senate,R, Utah,SenMikeLee,,
Lynn Jenkins,House,R,Kan.,RepLynnJenkins,,
Blaine Luetkemeyer,House,R,Mo.,RepBlainePress,,
Glenn Grothman,House,R,Wis.,RepGrothman,,
Bill Johnson,House,R,Ohio,RepBillJohnson,,
Jeb Hensarling,House,R,Texas,RepHensarling,,
Andy Barr,House,R,Ky.,RepAndyBarr,,
Steven J. Chabot,House,R,Ohio,RepSteveChabot,,
David Rouzer,House,R,N.C.,RepDavidRouzer,,
Diane Black,House,R,Tenn.,RepDianeBlack,DianeBlackTN,
Doug Lamborn,House,R,Colo.,RepDLamborn,,
Richard Hudson,House,R,N.C.,RepRichHudson,,
Steve King,House,R,Iowa,SteveKingIA,,
Billy Long,House,R,Mo.,USRepLong,,
Robert E. Latta,House,R,Ohio,boblatta,,
Lamar Smith,House,R,Texas,LamarSmithTX21,,
Andy Harris,House,R,Md.,RepAndyHarrisMD,,
Mo Brooks,House,R,Ala.,RepMoBrooks,,
Steven Palazzo,House,R,Miss.,CongPalazzo,,
John Cornyn,Senate,R, Texas,JohnCornyn,TeamCornyn,
Joe Wilson,House,R,S.C.,RepWilson,CongJoeWilson,
Tim Walberg,House,R,Mich.,RepWalberg,,
Scott DesJarlais,House,R,Tenn.,DesJarlaisTN04,,
Michael B. Enzi,Senate,R, Wyo.,SenatorEnzi,,
Luke Messer,House,R,Ind.,RepLukeMesser,LukeMesserIN,
Austin Scott,House,R,Ga.,AustinScottGA08,,
Jim Risch,Senate,R, Idaho,SenatorRisch,,
Vicky Hartzler,House,R,Mo.,RepHartzler,,
Randy Weber,House,R,Texas,TXRandy14,,
Ted Cruz,Senate,R, Texas,SenTedCruz,tedcruz,TeamTedCruz
Ted Yoho,House,R,Fla.,RepTedYoho,,
Steve Pearce,House,R,N.M.,RepStevePearce,Pearce4NM,
John Barrasso,Senate,R, Wyo.,SenJohnBarrasso,,
Kenny Marchant,House,R,Texas,RepKenMarchant,,
Louie Gohmert,House,R,Texas,replouiegohmert,,
Bill Flores,House,R,Texas,RepBillFlores,,
Brian Babin,House,R,Texas,RepBrianBabin,,
Mark Meadows,House,R,N.C.,RepMarkMeadows,,
Robert Pittenger,House,R,N.C.,RepPittenger,,
Blake Farenthold,House,R,Texas,farenthold,,
Doug LaMalfa,House,R,Calif.,RepLaMalfa,,
Pat Roberts,Senate,R, Kan.,SenPatRoberts,PatRoberts,SenateAgGOP
Todd Rokita,House,R,Ind.,ToddRokita,ToddRokitaIN,
Marsha Blackburn,House,R,Tenn.,MarshaBlackburn,VoteMarsha,
Paul Gosar,House,R,Ariz.,RepGosar,,
Phil Roe,House,R,Tenn.,DrPhilRoe,,
Kevin Cramer,House,R,N.D.,RepKevinCramer,,
Pete Olson,House,R,Texas,RepPeteOlson,PeteOlson,
Pete Sessions,House,R,Texas,PeteSessions,,
James M. Inhofe,Senate,R, Okla.,InhofePress,,
Jeffrey Duncan,House,R,S.C.,RepJeffDuncan,,